,BonusAmount,Trialid,action,design,difficulty,engagement,expTime,gambleDelay,gambleRT,gender,ignoreRT,indexOf,interest,lateResponse,length,outcomeRT,phase,response,standardGamble,status,template,templates,trialNumber,understand,uniqueid,viewTime
0,,,Begin,,,,,,,,,,,,,,INSTRUCTIONS,,,,,"[u'instructions/instruct-1.html', u'instructions/instruct-2.html', u'instructions/instruct-3.html', u'instructions/instruct-ready.html']",,,debug4SCYZG:debugFKESTJ,
1,,,NextPage,,,,,,,,,0,,,,,INSTRUCTIONS,,,,instructions/instruct-1.html,,,,debug4SCYZG:debugFKESTJ,811
2,,,NextPage,,,,,,,,,1,,,,,INSTRUCTIONS,,,,instructions/instruct-2.html,,,,debug4SCYZG:debugFKESTJ,1281
3,,,PrevPage,,,,,,,,,2,,,,,INSTRUCTIONS,,,,instructions/instruct-3.html,,,,debug4SCYZG:debugFKESTJ,3233
4,,,NextPage,,,,,,,,,1,,,,,INSTRUCTIONS,,,,instructions/instruct-2.html,,,,debug4SCYZG:debugFKESTJ,3132
5,,,PrevPage,,,,,,,,,2,,,,,INSTRUCTIONS,,,,instructions/instruct-3.html,,,,debug4SCYZG:debugFKESTJ,3955
6,,,NextPage,,,,,,,,,1,,,,,INSTRUCTIONS,,,,instructions/instruct-2.html,,,,debug4SCYZG:debugFKESTJ,2972
7,,,PrevPage,,,,,,,,,2,,,,,INSTRUCTIONS,,,,instructions/instruct-3.html,,,,debug4SCYZG:debugFKESTJ,6908
8,,,NextPage,,,,,,,,,1,,,,,INSTRUCTIONS,,,,instructions/instruct-2.html,,,,debug4SCYZG:debugFKESTJ,3973
9,,,NextPage,,,,,,,,,2,,,,,INSTRUCTIONS,,,,instructions/instruct-3.html,,,,debug4SCYZG:debugFKESTJ,10292
10,,,FinishInstructions,,,,,,,,,3,,,,,INSTRUCTIONS,,,,instructions/instruct-ready.html,,,,debug4SCYZG:debugFKESTJ,21307
11,,26,,,,,,2032.230179,0,,917,,,0,,0,,failOutcome,6,,,,1,,debug4SCYZG:debugFKESTJ,
12,,33,,,,,,6072.15769,795,,0,,,0,,0,,gamble,3,,,,2,,debug4SCYZG:debugFKESTJ,
13,,25,,,,,,5917.101034,0,,0,,,0,,0,,fail,5,,,,3,,debug4SCYZG:debugFKESTJ,
14,,86,,,,,,4162.603824,0,,0,,,0,,0,,fail,6,,,,4,,debug4SCYZG:debugFKESTJ,
15,,,Begin,,,,,,,,,,,,,,INSTRUCTIONS,,,,,"[u'instructions/instruct-1.html', u'instructions/instruct-2.html', u'instructions/instruct-3.html', u'instructions/instruct-ready.html']",,,debug4SCYZG:debugFKESTJ,
16,,,NextPage,,,,,,,,,0,,,,,INSTRUCTIONS,,,,instructions/instruct-1.html,,,,debug4SCYZG:debugFKESTJ,880
17,,,NextPage,,,,,,,,,1,,,,,INSTRUCTIONS,,,,instructions/instruct-2.html,,,,debug4SCYZG:debugFKESTJ,1278
18,,,NextPage,,,,,,,,,2,,,,,INSTRUCTIONS,,,,instructions/instruct-3.html,,,,debug4SCYZG:debugFKESTJ,855
19,,,FinishInstructions,,,,,,,,,3,,,,,INSTRUCTIONS,,,,instructions/instruct-ready.html,,,,debug4SCYZG:debugFKESTJ,676
20,,,Begin,,,,,,,,,,,,,,INSTRUCTIONS,,,,,"[u'instructions/instruct-1.html', u'instructions/instruct-2.html', u'instructions/instruct-3.html', u'instructions/instruct-ready.html']",,,debug4SCYZG:debugFKESTJ,
21,,,NextPage,,,,,,,,,0,,,,,INSTRUCTIONS,,,,instructions/instruct-1.html,,,,debug4SCYZG:debugFKESTJ,757
22,,,NextPage,,,,,,,,,1,,,,,INSTRUCTIONS,,,,instructions/instruct-2.html,,,,debug4SCYZG:debugFKESTJ,1340
23,,,NextPage,,,,,,,,,2,,,,,INSTRUCTIONS,,,,instructions/instruct-3.html,,,,debug4SCYZG:debugFKESTJ,818
24,,,FinishInstructions,,,,,,,,,3,,,,,INSTRUCTIONS,,,,instructions/instruct-ready.html,,,,debug4SCYZG:debugFKESTJ,699
25,,,Begin,,,,,,,,,,,,,,INSTRUCTIONS,,,,,"[u'instructions/instruct-1.html', u'instructions/instruct-2.html', u'instructions/instruct-3.html', u'instructions/instruct-ready.html']",,,debug4SCYZG:debugFKESTJ,
26,,,NextPage,,,,,,,,,0,,,,,INSTRUCTIONS,,,,instructions/instruct-1.html,,,,debug4SCYZG:debugFKESTJ,1316
27,,,NextPage,,,,,,,,,1,,,,,INSTRUCTIONS,,,,instructions/instruct-2.html,,,,debug4SCYZG:debugFKESTJ,1313
28,,,NextPage,,,,,,,,,2,,,,,INSTRUCTIONS,,,,instructions/instruct-3.html,,,,debug4SCYZG:debugFKESTJ,718
29,,,FinishInstructions,,,,,,,,,3,,,,,INSTRUCTIONS,,,,instructions/instruct-ready.html,,,,debug4SCYZG:debugFKESTJ,635
30,,33,,,,,,3896.377243,0,,1232,,,0,,249,,success,3,,,,1,,debug4SCYZG:debugFKESTJ,
31,,2,,,,,,4148.261519,1198,,0,,,0,,0,,gamble,2,,,,2,,debug4SCYZG:debugFKESTJ,
32,,26,,,,,,3982.740459,0,,0,,,0,,0,,earlyFail,6,,,,3,,debug4SCYZG:debugFKESTJ,
33,,5,,,,,,4070.91058,0,,0,,,0,,0,,earlyFail,5,,,,4,,debug4SCYZG:debugFKESTJ,
34,,3,,,,,,1900.007926,0,,0,,,0,,0,,fail,3,,,,5,,debug4SCYZG:debugFKESTJ,
35,,24,,,,,,1856.394411,0,,0,,,0,,0,,fail,4,,,,6,,debug4SCYZG:debugFKESTJ,
36,,3,,,,,,5998.587838,0,,1225,,,0,,153,,success,3,,,,7,,debug4SCYZG:debugFKESTJ,
37,,6,,,,,,5996.116888,551,,0,,,0,,0,,gamble,6,,,,8,,debug4SCYZG:debugFKESTJ,
38,,34,,,,,,6030.882578,0,,511,,,0,,171,,success,4,,,,9,,debug4SCYZG:debugFKESTJ,
39,,3,,,,,,0,0,,0,,,0,,0,,failOutcome,3,,,,10,,debug4SCYZG:debugFKESTJ,
40,,23,,,,,,1975.639873,0,,1366,,,0,,223,,success,3,,,,11,,debug4SCYZG:debugFKESTJ,
41,,1,,,,,,1927.988562,0,,0,,,0,,0,,fail,1,,,,12,,debug4SCYZG:debugFKESTJ,
42,,33,,,,,,6082.19395,0,,1245,,,0,,213,,success,3,,,,13,,debug4SCYZG:debugFKESTJ,
43,,,,,,,,,,,,,,,,,postquestionnaire,,,begin,,,,,debug4SCYZG:debugFKESTJ,
44,4,,,,,,,,,,,,,,,,postquestionnaire,,,submit,,,,,debug4SCYZG:debugFKESTJ,
45,,,,,,5,,,,,,,,,,,,,,,,,,,debug4SCYZG:debugFKESTJ,
46,,,,,5,,,,,,,,,,,,,,,,,,,,debug4SCYZG:debugFKESTJ,
47,,,,,,,,,,,,,,,5,,,,,,,,,,debug4SCYZG:debugFKESTJ,
48,,,,4,,,,,,,,,,,,,,,,,,,,,debug4SCYZG:debugFKESTJ,
49,,,,,,,,,,4,,,,,,,,,,,,,,,debug4SCYZG:debugFKESTJ,
50,,,,,,,,,,,,,5,,,,,,,,,,,,debug4SCYZG:debugFKESTJ,
51,,,,,,,,,,,,,,,,,,,,,,,,5,debug4SCYZG:debugFKESTJ,
52,,,Begin,,,,,,,,,,,,,,INSTRUCTIONS,,,,,"[u'instructions/instruct-1.html', u'instructions/instruct-2.html', u'instructions/instruct-3.html', u'instructions/instruct-ready.html']",,,A191V7PT3DQKDP:36U2A8VAG1ZQDTII9L675T22C8NYKK,
53,,,NextPage,,,,,,,,,0,,,,,INSTRUCTIONS,,,,instructions/instruct-1.html,,,,A191V7PT3DQKDP:36U2A8VAG1ZQDTII9L675T22C8NYKK,392212
54,,,NextPage,,,,,,,,,1,,,,,INSTRUCTIONS,,,,instructions/instruct-2.html,,,,A191V7PT3DQKDP:36U2A8VAG1ZQDTII9L675T22C8NYKK,55675
55,,,NextPage,,,,,,,,,2,,,,,INSTRUCTIONS,,,,instructions/instruct-3.html,,,,A191V7PT3DQKDP:36U2A8VAG1ZQDTII9L675T22C8NYKK,64015
56,,,FinishInstructions,,,,,,,,,3,,,,,INSTRUCTIONS,,,,instructions/instruct-ready.html,,,,A191V7PT3DQKDP:36U2A8VAG1ZQDTII9L675T22C8NYKK,94153
57,,,Begin,,,,,,,,,,,,,,INSTRUCTIONS,,,,,"[u'instructions/instruct-1.html', u'instructions/instruct-2.html', u'instructions/instruct-3.html', u'instructions/instruct-ready.html']",,,A1YBZWXXW358IF:382M9COHEHF6AK633YYF4DJKWOYUEI,
58,,,NextPage,,,,,,,,,0,,,,,INSTRUCTIONS,,,,instructions/instruct-1.html,,,,A1YBZWXXW358IF:382M9COHEHF6AK633YYF4DJKWOYUEI,9743
59,,,NextPage,,,,,,,,,1,,,,,INSTRUCTIONS,,,,instructions/instruct-2.html,,,,A1YBZWXXW358IF:382M9COHEHF6AK633YYF4DJKWOYUEI,25161
60,,,NextPage,,,,,,,,,2,,,,,INSTRUCTIONS,,,,instructions/instruct-3.html,,,,A1YBZWXXW358IF:382M9COHEHF6AK633YYF4DJKWOYUEI,64357
61,,,FinishInstructions,,,,,,,,,3,,,,,INSTRUCTIONS,,,,instructions/instruct-ready.html,,,,A1YBZWXXW358IF:382M9COHEHF6AK633YYF4DJKWOYUEI,204850
62,,2,,,,,,1948.037816,0,,550,,,0,,276,,success,2,,,,1,,A1YBZWXXW358IF:382M9COHEHF6AK633YYF4DJKWOYUEI,
63,,5,,,,,,6052.886772,0,,695,,,0,,193,,success,5,,,,2,,A1YBZWXXW358IF:382M9COHEHF6AK633YYF4DJKWOYUEI,
64,,32,,,,,,2067.619103,0,,768,,,0,,254,,success,2,,,,3,,A1YBZWXXW358IF:382M9COHEHF6AK633YYF4DJKWOYUEI,
65,,35,,,,,,3925.701351,0,,741,,,0,,184,,success,5,,,,4,,A1YBZWXXW358IF:382M9COHEHF6AK633YYF4DJKWOYUEI,
66,,32,,,,,,4004.382912,0,,587,,,0,,187,,success,2,,,,5,,A1YBZWXXW358IF:382M9COHEHF6AK633YYF4DJKWOYUEI,
67,,1,,,,,,0,0,,0,,,0,,176,,success,1,,,,6,,A1YBZWXXW358IF:382M9COHEHF6AK633YYF4DJKWOYUEI,
68,,2,,,,,,1956.262576,0,,627,,,0,,155,,success,2,,,,7,,A1YBZWXXW358IF:382M9COHEHF6AK633YYF4DJKWOYUEI,
69,,25,,,,,,5921.737912,0,,850,,,0,,209,,success,5,,,,8,,A1YBZWXXW358IF:382M9COHEHF6AK633YYF4DJKWOYUEI,
70,,31,,,,,,4102.387575,0,,594,,,0,,225,,success,1,,,,9,,A1YBZWXXW358IF:382M9COHEHF6AK633YYF4DJKWOYUEI,
71,,1,,,,,,0,0,,0,,,0,,164,,success,1,,,,10,,A1YBZWXXW358IF:382M9COHEHF6AK633YYF4DJKWOYUEI,
72,,21,,,,,,6022.138243,0,,654,,,0,,239,,success,1,,,,11,,A1YBZWXXW358IF:382M9COHEHF6AK633YYF4DJKWOYUEI,
73,,35,,,,,,2111.447346,578,,0,,,0,,0,,gamble,5,,,,12,,A1YBZWXXW358IF:382M9COHEHF6AK633YYF4DJKWOYUEI,
74,,31,,,,,,2016.112104,0,,507,,,0,,211,,success,1,,,,13,,A1YBZWXXW358IF:382M9COHEHF6AK633YYF4DJKWOYUEI,
75,,5,,,,,,0,0,,0,,,0,,0,,earlyFail,5,,,,14,,A1YBZWXXW358IF:382M9COHEHF6AK633YYF4DJKWOYUEI,
76,,36,,,,,,2001.831566,655,,0,,,0,,0,,gamble,6,,,,15,,A1YBZWXXW358IF:382M9COHEHF6AK633YYF4DJKWOYUEI,
77,,6,,,,,,0,0,,0,,,0,,203,,success,6,,,,16,,A1YBZWXXW358IF:382M9COHEHF6AK633YYF4DJKWOYUEI,
78,,23,,,,,,1955.956804,0,,1225,,,0,,167,,success,3,,,,17,,A1YBZWXXW358IF:382M9COHEHF6AK633YYF4DJKWOYUEI,
79,,4,,,,,,0,0,,0,,,0,,194,,success,4,,,,18,,A1YBZWXXW358IF:382M9COHEHF6AK633YYF4DJKWOYUEI,
80,,36,,,,,,6007.7251,616,,0,,,0,,0,,gamble,6,,,,19,,A1YBZWXXW358IF:382M9COHEHF6AK633YYF4DJKWOYUEI,
81,,24,,,,,,5915.097225,0,,679,,,0,,236,,success,4,,,,20,,A1YBZWXXW358IF:382M9COHEHF6AK633YYF4DJKWOYUEI,
82,,2,,,,,,6084.412251,0,,556,,,0,,272,,success,2,,,,21,,A1YBZWXXW358IF:382M9COHEHF6AK633YYF4DJKWOYUEI,
83,,2,,,,,,0,0,,0,,,0,,236,,success,2,,,,22,,A1YBZWXXW358IF:382M9COHEHF6AK633YYF4DJKWOYUEI,
84,,33,,,,,,3965.358988,0,,580,,,0,,283,,success,3,,,,23,,A1YBZWXXW358IF:382M9COHEHF6AK633YYF4DJKWOYUEI,
85,,22,,,,,,4002.159782,0,,1018,,,0,,326,,success,2,,,,24,,A1YBZWXXW358IF:382M9COHEHF6AK633YYF4DJKWOYUEI,
86,,75,,,,,,6030.66224,604,,0,,,0,,0,,gamble,5,,,,25,,A1YBZWXXW358IF:382M9COHEHF6AK633YYF4DJKWOYUEI,
87,,33,,,,,,3865.658,0,,682,,,0,,242,,success,3,,,,26,,A1YBZWXXW358IF:382M9COHEHF6AK633YYF4DJKWOYUEI,
88,,34,,,,,,5950.95449,648,,0,,,0,,0,,gamble,4,,,,27,,A1YBZWXXW358IF:382M9COHEHF6AK633YYF4DJKWOYUEI,
89,,24,,,,,,4071.417059,0,,532,,,0,,219,,success,4,,,,28,,A1YBZWXXW358IF:382M9COHEHF6AK633YYF4DJKWOYUEI,
90,,26,,,,,,2033.782205,0,,770,,,0,,223,,success,6,,,,29,,A1YBZWXXW358IF:382M9COHEHF6AK633YYF4DJKWOYUEI,
91,,24,,,,,,6112.598884,0,,578,,,0,,244,,success,4,,,,30,,A1YBZWXXW358IF:382M9COHEHF6AK633YYF4DJKWOYUEI,
92,,4,,,,,,2036.871117,0,,1098,,,0,,335,,success,4,,,,31,,A1YBZWXXW358IF:382M9COHEHF6AK633YYF4DJKWOYUEI,
93,,32,,,,,,5916.138799,0,,520,,,0,,233,,success,2,,,,32,,A1YBZWXXW358IF:382M9COHEHF6AK633YYF4DJKWOYUEI,
94,,2,,,,,,4107.862246,0,,577,,,0,,231,,success,2,,,,33,,A1YBZWXXW358IF:382M9COHEHF6AK633YYF4DJKWOYUEI,
95,,31,,,,,,3998.893155,0,,1091,,,0,,367,,success,1,,,,34,,A1YBZWXXW358IF:382M9COHEHF6AK633YYF4DJKWOYUEI,
96,,25,,,,,,3896.298119,0,,931,,,0,,458,,success,5,,,,35,,A1YBZWXXW358IF:382M9COHEHF6AK633YYF4DJKWOYUEI,
97,,36,,,,,,3956.280629,589,,0,,,0,,0,,gamble,6,,,,36,,A1YBZWXXW358IF:382M9COHEHF6AK633YYF4DJKWOYUEI,
98,,25,,,,,,5804.978393,0,,670,,,0,,327,,success,5,,,,37,,A1YBZWXXW358IF:382M9COHEHF6AK633YYF4DJKWOYUEI,
99,,6,,,,,,6039.155478,587,,0,,,0,,0,,gamble,6,,,,38,,A1YBZWXXW358IF:382M9COHEHF6AK633YYF4DJKWOYUEI,
100,,3,,,,,,0,0,,0,,,0,,248,,success,3,,,,39,,A1YBZWXXW358IF:382M9COHEHF6AK633YYF4DJKWOYUEI,
101,,36,,,,,,1971.283205,886,,0,,,0,,0,,gamble,6,,,,40,,A1YBZWXXW358IF:382M9COHEHF6AK633YYF4DJKWOYUEI,
102,,34,,,,,,5992.427318,724,,0,,,0,,0,,gamble,4,,,,41,,A1YBZWXXW358IF:382M9COHEHF6AK633YYF4DJKWOYUEI,
103,,36,,,,,,6106.822932,577,,0,,,0,,0,,gamble,6,,,,42,,A1YBZWXXW358IF:382M9COHEHF6AK633YYF4DJKWOYUEI,
104,,1,,,,,,6024.338433,0,,656,,,0,,270,,success,1,,,,43,,A1YBZWXXW358IF:382M9COHEHF6AK633YYF4DJKWOYUEI,
105,,4,,,,,,2226.149398,0,,0,,,0,,0,,fail,4,,,,44,,A1YBZWXXW358IF:382M9COHEHF6AK633YYF4DJKWOYUEI,
106,,5,,,,,,5950.359322,623,,0,,,0,,0,,gamble,5,,,,45,,A1YBZWXXW358IF:382M9COHEHF6AK633YYF4DJKWOYUEI,
107,,33,,,,,,6019.068325,0,,638,,,0,,0,,failOutcome,3,,,,46,,A1YBZWXXW358IF:382M9COHEHF6AK633YYF4DJKWOYUEI,
108,,6,,,,,,4211.023335,713,,0,,,0,,0,,gamble,6,,,,47,,A1YBZWXXW358IF:382M9COHEHF6AK633YYF4DJKWOYUEI,
109,,6,,,,,,0,0,,0,,,0,,283,,success,6,,,,48,,A1YBZWXXW358IF:382M9COHEHF6AK633YYF4DJKWOYUEI,
110,,34,,,,,,4148.284119,633,,0,,,0,,0,,gamble,4,,,,49,,A1YBZWXXW358IF:382M9COHEHF6AK633YYF4DJKWOYUEI,
111,,26,,,,,,2027.971891,0,,0,,,0,,0,,fail,6,,,,50,,A1YBZWXXW358IF:382M9COHEHF6AK633YYF4DJKWOYUEI,
112,,21,,,,,,4112.042778,0,,610,,,0,,251,,success,1,,,,51,,A1YBZWXXW358IF:382M9COHEHF6AK633YYF4DJKWOYUEI,
113,,34,,,,,,3996.366385,536,,0,,,0,,0,,gamble,4,,,,52,,A1YBZWXXW358IF:382M9COHEHF6AK633YYF4DJKWOYUEI,
114,,4,,,,,,5849.147865,0,,569,,,0,,108,,success,4,,,,53,,A1YBZWXXW358IF:382M9COHEHF6AK633YYF4DJKWOYUEI,
115,,3,,,,,,6021.867578,0,,1012,,,0,,227,,success,3,,,,54,,A1YBZWXXW358IF:382M9COHEHF6AK633YYF4DJKWOYUEI,
116,,86,,,,,,5826.811694,0,,672,,,0,,229,,success,6,,,,55,,A1YBZWXXW358IF:382M9COHEHF6AK633YYF4DJKWOYUEI,
117,,5,,,,,,2075.447164,616,,0,,,0,,0,,gamble,5,,,,56,,A1YBZWXXW358IF:382M9COHEHF6AK633YYF4DJKWOYUEI,
118,,3,,,,,,0,0,,0,,,0,,306,,success,3,,,,57,,A1YBZWXXW358IF:382M9COHEHF6AK633YYF4DJKWOYUEI,
119,,31,,,,,,5876.914281,0,,504,,,0,,254,,success,1,,,,58,,A1YBZWXXW358IF:382M9COHEHF6AK633YYF4DJKWOYUEI,
120,,3,,,,,,6033.931593,0,,488,,,0,,242,,success,3,,,,59,,A1YBZWXXW358IF:382M9COHEHF6AK633YYF4DJKWOYUEI,
121,,3,,,,,,3915.248075,0,,494,,,0,,260,,success,3,,,,60,,A1YBZWXXW358IF:382M9COHEHF6AK633YYF4DJKWOYUEI,
122,,34,,,,,,2075.861862,585,,0,,,0,,0,,gamble,4,,,,61,,A1YBZWXXW358IF:382M9COHEHF6AK633YYF4DJKWOYUEI,
123,,24,,,,,,4021.66669,0,,794,,,0,,206,,success,4,,,,62,,A1YBZWXXW358IF:382M9COHEHF6AK633YYF4DJKWOYUEI,
124,,22,,,,,,6106.101972,0,,600,,,0,,283,,success,2,,,,63,,A1YBZWXXW358IF:382M9COHEHF6AK633YYF4DJKWOYUEI,
125,,26,,,,,,4005.935213,0,,485,,,0,,280,,success,6,,,,64,,A1YBZWXXW358IF:382M9COHEHF6AK633YYF4DJKWOYUEI,
126,,25,,,,,,1859.078396,0,,636,,,0,,265,,success,5,,,,65,,A1YBZWXXW358IF:382M9COHEHF6AK633YYF4DJKWOYUEI,
127,,33,,,,,,6025.613445,0,,480,,,0,,289,,success,3,,,,66,,A1YBZWXXW358IF:382M9COHEHF6AK633YYF4DJKWOYUEI,
128,,4,,,,,,6107.35096,0,,565,,,0,,372,,success,4,,,,67,,A1YBZWXXW358IF:382M9COHEHF6AK633YYF4DJKWOYUEI,
129,,24,,,,,,1963.228009,0,,559,,,0,,347,,success,4,,,,68,,A1YBZWXXW358IF:382M9COHEHF6AK633YYF4DJKWOYUEI,
130,,86,,,,,,3921.070251,0,,450,,,0,,398,,success,6,,,,69,,A1YBZWXXW358IF:382M9COHEHF6AK633YYF4DJKWOYUEI,
131,,32,,,,,,6083.330604,0,,544,,,0,,267,,success,2,,,,70,,A1YBZWXXW358IF:382M9COHEHF6AK633YYF4DJKWOYUEI,
132,,2,,,,,,0,0,,0,,,0,,397,,success,2,,,,71,,A1YBZWXXW358IF:382M9COHEHF6AK633YYF4DJKWOYUEI,
133,,23,,,,,,5982.43392,0,,675,,,0,,459,,success,3,,,,72,,A1YBZWXXW358IF:382M9COHEHF6AK633YYF4DJKWOYUEI,
134,,75,,,,,,2091.171503,729,,0,,,0,,0,,gamble,5,,,,73,,A1YBZWXXW358IF:382M9COHEHF6AK633YYF4DJKWOYUEI,
135,,6,,,,,,6010.590524,556,,0,,,0,,0,,gamble,6,,,,74,,A1YBZWXXW358IF:382M9COHEHF6AK633YYF4DJKWOYUEI,
136,,21,,,,,,1954.100635,0,,726,,,0,,408,,success,1,,,,75,,A1YBZWXXW358IF:382M9COHEHF6AK633YYF4DJKWOYUEI,
137,,6,,,,,,2021.57709,911,,0,,,0,,0,,gamble,6,,,,76,,A1YBZWXXW358IF:382M9COHEHF6AK633YYF4DJKWOYUEI,
138,,21,,,,,,6112.224966,0,,1020,,,0,,108,,success,1,,,,77,,A1YBZWXXW358IF:382M9COHEHF6AK633YYF4DJKWOYUEI,
139,,34,,,,,,2076.901106,735,,0,,,0,,0,,gamble,4,,,,78,,A1YBZWXXW358IF:382M9COHEHF6AK633YYF4DJKWOYUEI,
140,,26,,,,,,5964.100666,0,,660,,,0,,331,,success,6,,,,79,,A1YBZWXXW358IF:382M9COHEHF6AK633YYF4DJKWOYUEI,
141,,5,,,,,,4004.924819,694,,0,,,0,,0,,gamble,5,,,,80,,A1YBZWXXW358IF:382M9COHEHF6AK633YYF4DJKWOYUEI,
142,,22,,,,,,5939.991527,0,,559,,,0,,257,,success,2,,,,81,,A1YBZWXXW358IF:382M9COHEHF6AK633YYF4DJKWOYUEI,
143,,35,,,,,,5996.531339,541,,0,,,0,,0,,gamble,5,,,,82,,A1YBZWXXW358IF:382M9COHEHF6AK633YYF4DJKWOYUEI,
144,,26,,,,,,6092.496579,0,,592,,,0,,425,,success,6,,,,83,,A1YBZWXXW358IF:382M9COHEHF6AK633YYF4DJKWOYUEI,
145,,23,,,,,,3987.871704,0,,630,,,0,,271,,success,3,,,,84,,A1YBZWXXW358IF:382M9COHEHF6AK633YYF4DJKWOYUEI,
146,,5,,,,,,2020.6231,694,,0,,,0,,0,,gamble,5,,,,85,,A1YBZWXXW358IF:382M9COHEHF6AK633YYF4DJKWOYUEI,
147,,86,,,,,,2035.485636,0,,573,,,0,,376,,success,6,,,,86,,A1YBZWXXW358IF:382M9COHEHF6AK633YYF4DJKWOYUEI,
148,,33,,,,,,2042.500154,0,,616,,,0,,226,,success,3,,,,87,,A1YBZWXXW358IF:382M9COHEHF6AK633YYF4DJKWOYUEI,
149,,24,,,,,,2075.817093,0,,792,,,0,,321,,success,4,,,,88,,A1YBZWXXW358IF:382M9COHEHF6AK633YYF4DJKWOYUEI,
150,,3,,,,,,4105.489942,0,,834,,,0,,304,,success,3,,,,89,,A1YBZWXXW358IF:382M9COHEHF6AK633YYF4DJKWOYUEI,
151,,1,,,,,,0,0,,0,,,0,,690,,success,1,,,,90,,A1YBZWXXW358IF:382M9COHEHF6AK633YYF4DJKWOYUEI,
152,,31,,,,,,2012.080932,0,,670,,,0,,358,,success,1,,,,91,,A1YBZWXXW358IF:382M9COHEHF6AK633YYF4DJKWOYUEI,
153,,33,,,,,,2075.249205,0,,550,,,0,,346,,success,3,,,,92,,A1YBZWXXW358IF:382M9COHEHF6AK633YYF4DJKWOYUEI,
154,,26,,,,,,4005.457119,0,,750,,,0,,222,,success,6,,,,93,,A1YBZWXXW358IF:382M9COHEHF6AK633YYF4DJKWOYUEI,
155,,4,,,,,,0,0,,0,,,0,,386,,success,4,,,,94,,A1YBZWXXW358IF:382M9COHEHF6AK633YYF4DJKWOYUEI,
156,,1,,,,,,4066.201101,0,,664,,,0,,298,,success,1,,,,95,,A1YBZWXXW358IF:382M9COHEHF6AK633YYF4DJKWOYUEI,
157,,6,,,,,,4075.308632,528,,0,,,0,,0,,gamble,6,,,,96,,A1YBZWXXW358IF:382M9COHEHF6AK633YYF4DJKWOYUEI,
158,,2,,,,,,4001.67775,0,,753,,,0,,265,,success,2,,,,97,,A1YBZWXXW358IF:382M9COHEHF6AK633YYF4DJKWOYUEI,
159,,4,,,,,,0,0,,0,,,0,,454,,success,4,,,,98,,A1YBZWXXW358IF:382M9COHEHF6AK633YYF4DJKWOYUEI,
160,,35,,,,,,1979.371077,653,,0,,,0,,0,,gamble,5,,,,99,,A1YBZWXXW358IF:382M9COHEHF6AK633YYF4DJKWOYUEI,
161,,35,,,,,,5964.481548,558,,0,,,0,,0,,gamble,5,,,,100,,A1YBZWXXW358IF:382M9COHEHF6AK633YYF4DJKWOYUEI,
162,,4,,,,,,3836.290904,0,,830,,,0,,436,,success,4,,,,101,,A1YBZWXXW358IF:382M9COHEHF6AK633YYF4DJKWOYUEI,
163,,3,,,,,,0,0,,0,,,0,,416,,success,3,,,,102,,A1YBZWXXW358IF:382M9COHEHF6AK633YYF4DJKWOYUEI,
164,,4,,,,,,4068.693596,0,,837,,,0,,378,,success,4,,,,103,,A1YBZWXXW358IF:382M9COHEHF6AK633YYF4DJKWOYUEI,
165,,32,,,,,,4202.97699,0,,727,,,0,,392,,success,2,,,,104,,A1YBZWXXW358IF:382M9COHEHF6AK633YYF4DJKWOYUEI,
166,,25,,,,,,1929.09938,0,,623,,,0,,375,,success,5,,,,105,,A1YBZWXXW358IF:382M9COHEHF6AK633YYF4DJKWOYUEI,
167,,23,,,,,,2146.447792,0,,515,,,0,,432,,success,3,,,,106,,A1YBZWXXW358IF:382M9COHEHF6AK633YYF4DJKWOYUEI,
168,,2,,,,,,6079.549769,0,,499,,,0,,356,,success,2,,,,107,,A1YBZWXXW358IF:382M9COHEHF6AK633YYF4DJKWOYUEI,
169,,2,,,,,,0,0,,0,,,0,,506,,success,2,,,,108,,A1YBZWXXW358IF:382M9COHEHF6AK633YYF4DJKWOYUEI,
170,,6,,,,,,0,0,,0,,,0,,425,,success,6,,,,109,,A1YBZWXXW358IF:382M9COHEHF6AK633YYF4DJKWOYUEI,
171,,3,,,,,,2140.812487,0,,604,,,0,,429,,success,3,,,,110,,A1YBZWXXW358IF:382M9COHEHF6AK633YYF4DJKWOYUEI,
172,,21,,,,,,3786.814201,0,,617,,,0,,402,,success,1,,,,111,,A1YBZWXXW358IF:382M9COHEHF6AK633YYF4DJKWOYUEI,
173,,23,,,,,,5897.099719,0,,534,,,0,,353,,success,3,,,,112,,A1YBZWXXW358IF:382M9COHEHF6AK633YYF4DJKWOYUEI,
174,,36,,,,,,3887.014669,627,,0,,,0,,0,,gamble,6,,,,113,,A1YBZWXXW358IF:382M9COHEHF6AK633YYF4DJKWOYUEI,
175,,25,,,,,,3986.193992,0,,641,,,0,,392,,success,5,,,,114,,A1YBZWXXW358IF:382M9COHEHF6AK633YYF4DJKWOYUEI,
176,,3,,,,,,2033.155241,0,,606,,,0,,356,,success,3,,,,115,,A1YBZWXXW358IF:382M9COHEHF6AK633YYF4DJKWOYUEI,
177,,5,,,,,,3838.208783,686,,0,,,0,,0,,gamble,5,,,,116,,A1YBZWXXW358IF:382M9COHEHF6AK633YYF4DJKWOYUEI,
178,,5,,,,,,0,0,,0,,,0,,434,,success,5,,,,117,,A1YBZWXXW358IF:382M9COHEHF6AK633YYF4DJKWOYUEI,
179,,23,,,,,,3999.795527,0,,914,,,0,,400,,success,3,,,,118,,A1YBZWXXW358IF:382M9COHEHF6AK633YYF4DJKWOYUEI,
180,,31,,,,,,5856.045032,0,,538,,,0,,411,,success,1,,,,119,,A1YBZWXXW358IF:382M9COHEHF6AK633YYF4DJKWOYUEI,
181,,22,,,,,,4171.305796,0,,585,,,0,,386,,success,2,,,,120,,A1YBZWXXW358IF:382M9COHEHF6AK633YYF4DJKWOYUEI,
182,,6,,,,,,2126.469788,829,,0,,,0,,0,,gamble,6,,,,121,,A1YBZWXXW358IF:382M9COHEHF6AK633YYF4DJKWOYUEI,
183,,35,,,,,,3988.771086,584,,0,,,0,,0,,gamble,5,,,,122,,A1YBZWXXW358IF:382M9COHEHF6AK633YYF4DJKWOYUEI,
184,,1,,,,,,1866.446111,0,,647,,,0,,400,,success,1,,,,123,,A1YBZWXXW358IF:382M9COHEHF6AK633YYF4DJKWOYUEI,
185,,21,,,,,,2035.836951,0,,704,,,0,,414,,success,1,,,,124,,A1YBZWXXW358IF:382M9COHEHF6AK633YYF4DJKWOYUEI,
186,,5,,,,,,0,0,,0,,,0,,442,,success,5,,,,125,,A1YBZWXXW358IF:382M9COHEHF6AK633YYF4DJKWOYUEI,
187,,1,,,,,,2053.954543,0,,525,,,0,,423,,success,1,,,,126,,A1YBZWXXW358IF:382M9COHEHF6AK633YYF4DJKWOYUEI,
188,,22,,,,,,1990.716504,0,,780,,,0,,401,,success,2,,,,127,,A1YBZWXXW358IF:382M9COHEHF6AK633YYF4DJKWOYUEI,
189,,75,,,,,,4001.974666,641,,0,,,0,,0,,gamble,5,,,,128,,A1YBZWXXW358IF:382M9COHEHF6AK633YYF4DJKWOYUEI,
190,,1,,,,,,4017.47012,0,,579,,,0,,431,,success,1,,,,129,,A1YBZWXXW358IF:382M9COHEHF6AK633YYF4DJKWOYUEI,
191,,32,,,,,,2007.833939,0,,645,,,0,,378,,success,2,,,,130,,A1YBZWXXW358IF:382M9COHEHF6AK633YYF4DJKWOYUEI,
192,,22,,,,,,1944.707166,0,,532,,,0,,430,,success,2,,,,131,,A1YBZWXXW358IF:382M9COHEHF6AK633YYF4DJKWOYUEI,
193,,1,,,,,1905439,6020.711502,0,,500,,,0,,410,,success,1,,,,132,,A1YBZWXXW358IF:382M9COHEHF6AK633YYF4DJKWOYUEI,
194,,,,,,,,,,,,,,,,,postquestionnaire,,,begin,,,,,A1YBZWXXW358IF:382M9COHEHF6AK633YYF4DJKWOYUEI,
195,2,,,,,,,,,,,,,,,,postquestionnaire,,,submit,,,,,A1YBZWXXW358IF:382M9COHEHF6AK633YYF4DJKWOYUEI,
196,,,,,,10,,,,,,,,,,,,,,,,,,,A1YBZWXXW358IF:382M9COHEHF6AK633YYF4DJKWOYUEI,
197,,,,,0,,,,,,,,,,,,,,,,,,,,A1YBZWXXW358IF:382M9COHEHF6AK633YYF4DJKWOYUEI,
198,,,,,,,,,,,,,,,8,,,,,,,,,,A1YBZWXXW358IF:382M9COHEHF6AK633YYF4DJKWOYUEI,
199,,,,4,,,,,,,,,,,,,,,,,,,,,A1YBZWXXW358IF:382M9COHEHF6AK633YYF4DJKWOYUEI,
200,,,,,,,,,,1,,,,,,,,,,,,,,,A1YBZWXXW358IF:382M9COHEHF6AK633YYF4DJKWOYUEI,
201,,,,,,,,,,,,,10,,,,,,,,,,,,A1YBZWXXW358IF:382M9COHEHF6AK633YYF4DJKWOYUEI,
202,,,,,,,,,,,,,,,,,,,,,,,,10,A1YBZWXXW358IF:382M9COHEHF6AK633YYF4DJKWOYUEI,
