,BonusAmount,Trialid,action,design,difficulty,engagement,expTime,gambleDelay,gambleRT,gender,ignoreRT,indexOf,interest,length,outcomeRT,phase,response,standardGamble,status,template,templates,trialNumber,uniqueid,viewTime
0,,,Begin,,,,,,,,,,,,,INSTRUCTIONS,,,,,"[u'instructions/instruct-1.html', u'instructions/instruct-2.html', u'instructions/instruct-3.html', u'instructions/instruct-ready.html']",,A1XATJA7ENOGWB:3907X2AHF051NZMRTS4KS6NWLXDP2S,
1,,,NextPage,,,,,,,,,0.0,,,,INSTRUCTIONS,,,,instructions/instruct-1.html,,,A1XATJA7ENOGWB:3907X2AHF051NZMRTS4KS6NWLXDP2S,14326.0
2,,,NextPage,,,,,,,,,1.0,,,,INSTRUCTIONS,,,,instructions/instruct-2.html,,,A1XATJA7ENOGWB:3907X2AHF051NZMRTS4KS6NWLXDP2S,48125.0
3,,,NextPage,,,,,,,,,2.0,,,,INSTRUCTIONS,,,,instructions/instruct-3.html,,,A1XATJA7ENOGWB:3907X2AHF051NZMRTS4KS6NWLXDP2S,48906.0
4,,,FinishInstructions,,,,,,,,,3.0,,,,INSTRUCTIONS,,,,instructions/instruct-ready.html,,,A1XATJA7ENOGWB:3907X2AHF051NZMRTS4KS6NWLXDP2S,109205.0
5,,31.0,,,,,,1.9936013199159017,3300.0,,0.0,,,,0.0,,gamble,1,,,,1.0,A1XATJA7ENOGWB:3907X2AHF051NZMRTS4KS6NWLXDP2S,
6,,3.0,,,,,,3.9236729642086976,3323.0,,0.0,,,,0.0,,gamble,3,,,,2.0,A1XATJA7ENOGWB:3907X2AHF051NZMRTS4KS6NWLXDP2S,
7,,4.0,,,,,,1.9955631702927952,2679.0,,0.0,,,,0.0,,gamble,4,,,,3.0,A1XATJA7ENOGWB:3907X2AHF051NZMRTS4KS6NWLXDP2S,
8,,1.0,,,,,,0.0,0.0,,0.0,,,,404.0,,success,1,,,,4.0,A1XATJA7ENOGWB:3907X2AHF051NZMRTS4KS6NWLXDP2S,
9,,26.0,,,,,,2.111024048060571,3230.0,,0.0,,,,0.0,,gamble,6,,,,5.0,A1XATJA7ENOGWB:3907X2AHF051NZMRTS4KS6NWLXDP2S,
10,,6.0,,,,,,4.055756889796776,2331.0,,0.0,,,,0.0,,gamble,6,,,,6.0,A1XATJA7ENOGWB:3907X2AHF051NZMRTS4KS6NWLXDP2S,
11,,86.0,,,,,,6.041414183575053,0.0,,5374.0,,,,339.0,,success,6,,,,7.0,A1XATJA7ENOGWB:3907X2AHF051NZMRTS4KS6NWLXDP2S,
12,,35.0,,,,,,6.32196305625455,2231.0,,0.0,,,,0.0,,gamble,5,,,,8.0,A1XATJA7ENOGWB:3907X2AHF051NZMRTS4KS6NWLXDP2S,
13,,86.0,,,,,,6.75,0.0,,2205.0,,,,356.0,,success,6,,,,9.0,A1XATJA7ENOGWB:3907X2AHF051NZMRTS4KS6NWLXDP2S,
14,,4.0,,,,,,6.239519787698105,2295.0,,0.0,,,,0.0,,gamble,4,,,,10.0,A1XATJA7ENOGWB:3907X2AHF051NZMRTS4KS6NWLXDP2S,
15,,2.0,,,,,,0.0,0.0,,0.0,,,,345.0,,success,2,,,,11.0,A1XATJA7ENOGWB:3907X2AHF051NZMRTS4KS6NWLXDP2S,
16,,25.0,,,,,,6.410697823604504,3177.0,,0.0,,,,0.0,,gamble,5,,,,12.0,A1XATJA7ENOGWB:3907X2AHF051NZMRTS4KS6NWLXDP2S,
17,,36.0,,,,,,3.832003332759553,2034.0,,0.0,,,,0.0,,gamble,6,,,,13.0,A1XATJA7ENOGWB:3907X2AHF051NZMRTS4KS6NWLXDP2S,
18,,26.0,,,,,,1.9716917221738484,2383.0,,0.0,,,,0.0,,gamble,6,,,,14.0,A1XATJA7ENOGWB:3907X2AHF051NZMRTS4KS6NWLXDP2S,
19,,23.0,,,,,,6.3776626299747665,3473.0,,0.0,,,,0.0,,gamble,3,,,,15.0,A1XATJA7ENOGWB:3907X2AHF051NZMRTS4KS6NWLXDP2S,
20,,4.0,,,,,,6.75,1577.0,,0.0,,,,0.0,,gamble,4,,,,16.0,A1XATJA7ENOGWB:3907X2AHF051NZMRTS4KS6NWLXDP2S,
21,,26.0,,,,,,6.75,1617.0,,0.0,,,,0.0,,gamble,6,,,,17.0,A1XATJA7ENOGWB:3907X2AHF051NZMRTS4KS6NWLXDP2S,
22,,5.0,,,,,,0.0,0.0,,0.0,,,,432.0,,success,5,,,,18.0,A1XATJA7ENOGWB:3907X2AHF051NZMRTS4KS6NWLXDP2S,
23,,26.0,,,,,,4.028305410480193,2078.0,,0.0,,,,0.0,,gamble,6,,,,19.0,A1XATJA7ENOGWB:3907X2AHF051NZMRTS4KS6NWLXDP2S,
24,,5.0,,,,,,0.0,0.0,,0.0,,,,374.0,,success,5,,,,20.0,A1XATJA7ENOGWB:3907X2AHF051NZMRTS4KS6NWLXDP2S,
25,,23.0,,,,,,3.9834425397019086,1551.0,,0.0,,,,0.0,,gamble,3,,,,21.0,A1XATJA7ENOGWB:3907X2AHF051NZMRTS4KS6NWLXDP2S,
26,,32.0,,,,,,6.75,1625.0,,0.0,,,,0.0,,gamble,2,,,,22.0,A1XATJA7ENOGWB:3907X2AHF051NZMRTS4KS6NWLXDP2S,
27,,34.0,,,,,,6.3094490314720515,1864.0,,0.0,,,,0.0,,gamble,4,,,,23.0,A1XATJA7ENOGWB:3907X2AHF051NZMRTS4KS6NWLXDP2S,
28,,1.0,,,,,,3.941178720482648,1503.0,,0.0,,,,0.0,,gamble,1,,,,24.0,A1XATJA7ENOGWB:3907X2AHF051NZMRTS4KS6NWLXDP2S,
29,,1.0,,,,,,3.9072019983788966,1304.0,,0.0,,,,0.0,,gamble,1,,,,25.0,A1XATJA7ENOGWB:3907X2AHF051NZMRTS4KS6NWLXDP2S,
30,,5.0,,,,,,6.75,1885.0,,0.0,,,,0.0,,gamble,5,,,,26.0,A1XATJA7ENOGWB:3907X2AHF051NZMRTS4KS6NWLXDP2S,
31,,31.0,,,,,,6.240308879785635,1433.0,,0.0,,,,0.0,,gamble,1,,,,27.0,A1XATJA7ENOGWB:3907X2AHF051NZMRTS4KS6NWLXDP2S,
32,,35.0,,,,,,2.1209741652461584,1618.0,,0.0,,,,0.0,,gamble,5,,,,28.0,A1XATJA7ENOGWB:3907X2AHF051NZMRTS4KS6NWLXDP2S,
33,,32.0,,,,,,3.9075535468730807,1378.0,,0.0,,,,0.0,,gamble,2,,,,29.0,A1XATJA7ENOGWB:3907X2AHF051NZMRTS4KS6NWLXDP2S,
34,,1.0,,,,,,6.347195760413892,1497.0,,0.0,,,,0.0,,gamble,1,,,,30.0,A1XATJA7ENOGWB:3907X2AHF051NZMRTS4KS6NWLXDP2S,
35,,32.0,,,,,,3.9325698554875004,1473.0,,0.0,,,,0.0,,gamble,2,,,,31.0,A1XATJA7ENOGWB:3907X2AHF051NZMRTS4KS6NWLXDP2S,
36,,26.0,,,,,,6.43837640601456,1838.0,,0.0,,,,0.0,,gamble,6,,,,32.0,A1XATJA7ENOGWB:3907X2AHF051NZMRTS4KS6NWLXDP2S,
37,,6.0,,,,,,0.0,0.0,,0.0,,,,412.0,,success,6,,,,33.0,A1XATJA7ENOGWB:3907X2AHF051NZMRTS4KS6NWLXDP2S,
38,,21.0,,,,,,6.75,3312.0,,0.0,,,,0.0,,gamble,1,,,,34.0,A1XATJA7ENOGWB:3907X2AHF051NZMRTS4KS6NWLXDP2S,
39,,22.0,,,,,,2.010603696389307,1923.0,,0.0,,,,0.0,,gamble,2,,,,35.0,A1XATJA7ENOGWB:3907X2AHF051NZMRTS4KS6NWLXDP2S,
40,,75.0,,,,,,5.932208023553311,1803.0,,0.0,,,,0.0,,gamble,5,,,,36.0,A1XATJA7ENOGWB:3907X2AHF051NZMRTS4KS6NWLXDP2S,
41,,2.0,,,,,,6.75,3282.0,,0.0,,,,0.0,,gamble,2,,,,37.0,A1XATJA7ENOGWB:3907X2AHF051NZMRTS4KS6NWLXDP2S,
42,,24.0,,,,,,1.9185340754883076,2756.0,,0.0,,,,0.0,,gamble,4,,,,38.0,A1XATJA7ENOGWB:3907X2AHF051NZMRTS4KS6NWLXDP2S,
43,,35.0,,,,,,6.75,1902.0,,0.0,,,,0.0,,gamble,5,,,,39.0,A1XATJA7ENOGWB:3907X2AHF051NZMRTS4KS6NWLXDP2S,
44,,22.0,,,,,,6.75,2155.0,,0.0,,,,0.0,,gamble,2,,,,40.0,A1XATJA7ENOGWB:3907X2AHF051NZMRTS4KS6NWLXDP2S,
45,,25.0,,,,,,4.049816762683267,2255.0,,0.0,,,,0.0,,gamble,5,,,,41.0,A1XATJA7ENOGWB:3907X2AHF051NZMRTS4KS6NWLXDP2S,
46,,86.0,,,,,,2.0612806683016616,0.0,,2642.0,,,,417.0,,success,6,,,,42.0,A1XATJA7ENOGWB:3907X2AHF051NZMRTS4KS6NWLXDP2S,
47,,3.0,,,,,,1.8813690576074906,1864.0,,0.0,,,,0.0,,gamble,3,,,,43.0,A1XATJA7ENOGWB:3907X2AHF051NZMRTS4KS6NWLXDP2S,
48,,33.0,,,,,,6.75,2127.0,,0.0,,,,0.0,,gamble,3,,,,44.0,A1XATJA7ENOGWB:3907X2AHF051NZMRTS4KS6NWLXDP2S,
49,,86.0,,,,,,3.924275153588017,0.0,,3353.0,,,,262.0,,success,6,,,,45.0,A1XATJA7ENOGWB:3907X2AHF051NZMRTS4KS6NWLXDP2S,
50,,23.0,,,,,,3.9667795273739825,1712.0,,0.0,,,,0.0,,gamble,3,,,,46.0,A1XATJA7ENOGWB:3907X2AHF051NZMRTS4KS6NWLXDP2S,
51,,6.0,,,,,,6.354714527361916,2260.0,,0.0,,,,0.0,,gamble,6,,,,47.0,A1XATJA7ENOGWB:3907X2AHF051NZMRTS4KS6NWLXDP2S,
52,,4.0,,,,,,0.0,0.0,,0.0,,,,469.0,,success,4,,,,48.0,A1XATJA7ENOGWB:3907X2AHF051NZMRTS4KS6NWLXDP2S,
53,,5.0,,,,,,1.810587551794225,2154.0,,0.0,,,,0.0,,gamble,5,,,,49.0,A1XATJA7ENOGWB:3907X2AHF051NZMRTS4KS6NWLXDP2S,
54,,34.0,,,,,,3.9347497649228416,2032.0,,0.0,,,,0.0,,gamble,4,,,,50.0,A1XATJA7ENOGWB:3907X2AHF051NZMRTS4KS6NWLXDP2S,
55,,2.0,,,,,,0.0,0.0,,0.0,,,,393.0,,success,2,,,,51.0,A1XATJA7ENOGWB:3907X2AHF051NZMRTS4KS6NWLXDP2S,
56,,6.0,,,,,,0.0,0.0,,0.0,,,,356.0,,success,6,,,,52.0,A1XATJA7ENOGWB:3907X2AHF051NZMRTS4KS6NWLXDP2S,
57,,4.0,,,,,,1.9958431517459214,2041.0,,0.0,,,,0.0,,gamble,4,,,,53.0,A1XATJA7ENOGWB:3907X2AHF051NZMRTS4KS6NWLXDP2S,
58,,4.0,,,,,,0.0,0.0,,0.0,,,,333.0,,success,4,,,,54.0,A1XATJA7ENOGWB:3907X2AHF051NZMRTS4KS6NWLXDP2S,
59,,34.0,,,,,,6.75,1965.0,,0.0,,,,0.0,,gamble,4,,,,55.0,A1XATJA7ENOGWB:3907X2AHF051NZMRTS4KS6NWLXDP2S,
60,,34.0,,,,,,6.310413652342369,2022.0,,0.0,,,,0.0,,gamble,4,,,,56.0,A1XATJA7ENOGWB:3907X2AHF051NZMRTS4KS6NWLXDP2S,
61,,3.0,,,,,,3.93686235571513,4335.0,,0.0,,,,0.0,,gamble,3,,,,57.0,A1XATJA7ENOGWB:3907X2AHF051NZMRTS4KS6NWLXDP2S,
62,,1.0,,,,,,6.75,1942.0,,0.0,,,,0.0,,gamble,1,,,,58.0,A1XATJA7ENOGWB:3907X2AHF051NZMRTS4KS6NWLXDP2S,
63,,1.0,,,,,,0.0,0.0,,0.0,,,,284.0,,success,1,,,,59.0,A1XATJA7ENOGWB:3907X2AHF051NZMRTS4KS6NWLXDP2S,
64,,31.0,,,,,,6.238473058193758,2464.0,,0.0,,,,0.0,,gamble,1,,,,60.0,A1XATJA7ENOGWB:3907X2AHF051NZMRTS4KS6NWLXDP2S,
65,,1.0,,,,,,1.9030521647000511,1729.0,,0.0,,,,0.0,,gamble,1,,,,61.0,A1XATJA7ENOGWB:3907X2AHF051NZMRTS4KS6NWLXDP2S,
66,,2.0,,,,,,1.9151690040854918,1449.0,,0.0,,,,0.0,,gamble,2,,,,62.0,A1XATJA7ENOGWB:3907X2AHF051NZMRTS4KS6NWLXDP2S,
67,,24.0,,,,,,4.001071412063134,4352.0,,0.0,,,,0.0,,gamble,4,,,,63.0,A1XATJA7ENOGWB:3907X2AHF051NZMRTS4KS6NWLXDP2S,
68,,75.0,,,,,,1.996613702708527,0.0,,8569.0,,,,364.0,,success,5,,,,64.0,A1XATJA7ENOGWB:3907X2AHF051NZMRTS4KS6NWLXDP2S,
69,,36.0,,,,,,6.294257927572675,1839.0,,0.0,,,,0.0,,gamble,6,,,,65.0,A1XATJA7ENOGWB:3907X2AHF051NZMRTS4KS6NWLXDP2S,
70,,23.0,,,,,,2.0194834899151135,2394.0,,0.0,,,,0.0,,gamble,3,,,,66.0,A1XATJA7ENOGWB:3907X2AHF051NZMRTS4KS6NWLXDP2S,
71,,33.0,,,,,,1.9193871535194074,1913.0,,0.0,,,,0.0,,gamble,3,,,,67.0,A1XATJA7ENOGWB:3907X2AHF051NZMRTS4KS6NWLXDP2S,
72,,2.0,,,,,,0.0,0.0,,0.0,,,,395.0,,success,2,,,,68.0,A1XATJA7ENOGWB:3907X2AHF051NZMRTS4KS6NWLXDP2S,
73,,36.0,,,,,,6.75,1826.0,,0.0,,,,0.0,,gamble,6,,,,69.0,A1XATJA7ENOGWB:3907X2AHF051NZMRTS4KS6NWLXDP2S,
74,,35.0,,,,,,1.9278719022390887,1997.0,,0.0,,,,0.0,,gamble,5,,,,70.0,A1XATJA7ENOGWB:3907X2AHF051NZMRTS4KS6NWLXDP2S,
75,,32.0,,,,,,1.9619716814938222,1880.0,,0.0,,,,0.0,,gamble,2,,,,71.0,A1XATJA7ENOGWB:3907X2AHF051NZMRTS4KS6NWLXDP2S,
76,,25.0,,,,,,6.75,2863.0,,0.0,,,,0.0,,gamble,5,,,,72.0,A1XATJA7ENOGWB:3907X2AHF051NZMRTS4KS6NWLXDP2S,
77,,5.0,,,,,,2.1379817008024222,2105.0,,0.0,,,,0.0,,gamble,5,,,,73.0,A1XATJA7ENOGWB:3907X2AHF051NZMRTS4KS6NWLXDP2S,
78,,33.0,,,,,,6.320182733488848,1824.0,,0.0,,,,0.0,,gamble,3,,,,74.0,A1XATJA7ENOGWB:3907X2AHF051NZMRTS4KS6NWLXDP2S,
79,,34.0,,,,,,1.795962958920394,1726.0,,0.0,,,,0.0,,gamble,4,,,,75.0,A1XATJA7ENOGWB:3907X2AHF051NZMRTS4KS6NWLXDP2S,
80,,31.0,,,,,,3.9307749836929813,3916.0,,0.0,,,,0.0,,gamble,1,,,,76.0,A1XATJA7ENOGWB:3907X2AHF051NZMRTS4KS6NWLXDP2S,
81,,23.0,,,,,,6.422437165648208,1939.0,,0.0,,,,0.0,,gamble,3,,,,77.0,A1XATJA7ENOGWB:3907X2AHF051NZMRTS4KS6NWLXDP2S,
82,,24.0,,,,,,6.75,1573.0,,0.0,,,,0.0,,gamble,4,,,,78.0,A1XATJA7ENOGWB:3907X2AHF051NZMRTS4KS6NWLXDP2S,
83,,21.0,,,,,,3.9896018969102816,6578.0,,0.0,,,,0.0,,gamble,1,,,,79.0,A1XATJA7ENOGWB:3907X2AHF051NZMRTS4KS6NWLXDP2S,
84,,33.0,,,,,,6.280837340565491,1855.0,,0.0,,,,0.0,,gamble,3,,,,80.0,A1XATJA7ENOGWB:3907X2AHF051NZMRTS4KS6NWLXDP2S,
85,,21.0,,,,,,6.093869241199223,1661.0,,0.0,,,,0.0,,gamble,1,,,,81.0,A1XATJA7ENOGWB:3907X2AHF051NZMRTS4KS6NWLXDP2S,
86,,3.0,,,,,,6.75,12901.0,,0.0,,,,0.0,,gamble,3,,,,82.0,A1XATJA7ENOGWB:3907X2AHF051NZMRTS4KS6NWLXDP2S,
87,,,Begin,,,,,,,,,,,,,INSTRUCTIONS,,,,,"[u'instructions/instruct-1.html', u'instructions/instruct-2.html', u'instructions/instruct-3.html', u'instructions/instruct-ready.html']",,ATCU3JC12ZH0N:3EICBYG644WIZ6BVV8O67NA6OPKJCV,
88,,,NextPage,,,,,,,,,0.0,,,,INSTRUCTIONS,,,,instructions/instruct-1.html,,,ATCU3JC12ZH0N:3EICBYG644WIZ6BVV8O67NA6OPKJCV,5510.0
89,,,NextPage,,,,,,,,,1.0,,,,INSTRUCTIONS,,,,instructions/instruct-2.html,,,ATCU3JC12ZH0N:3EICBYG644WIZ6BVV8O67NA6OPKJCV,18994.0
90,,,NextPage,,,,,,,,,2.0,,,,INSTRUCTIONS,,,,instructions/instruct-3.html,,,ATCU3JC12ZH0N:3EICBYG644WIZ6BVV8O67NA6OPKJCV,20967.0
91,,,PrevPage,,,,,,,,,3.0,,,,INSTRUCTIONS,,,,instructions/instruct-ready.html,,,ATCU3JC12ZH0N:3EICBYG644WIZ6BVV8O67NA6OPKJCV,101764.0
92,,,NextPage,,,,,,,,,2.0,,,,INSTRUCTIONS,,,,instructions/instruct-3.html,,,ATCU3JC12ZH0N:3EICBYG644WIZ6BVV8O67NA6OPKJCV,40177.0
93,,,PrevPage,,,,,,,,,3.0,,,,INSTRUCTIONS,,,,instructions/instruct-ready.html,,,ATCU3JC12ZH0N:3EICBYG644WIZ6BVV8O67NA6OPKJCV,6354.0
94,,,NextPage,,,,,,,,,2.0,,,,INSTRUCTIONS,,,,instructions/instruct-3.html,,,ATCU3JC12ZH0N:3EICBYG644WIZ6BVV8O67NA6OPKJCV,12921.0
95,,,FinishInstructions,,,,,,,,,3.0,,,,INSTRUCTIONS,,,,instructions/instruct-ready.html,,,ATCU3JC12ZH0N:3EICBYG644WIZ6BVV8O67NA6OPKJCV,17320.0
96,,32.0,,,,,,6.216070757342815,0.0,,2474.0,,,,403.0,,success,2,,,,1.0,ATCU3JC12ZH0N:3EICBYG644WIZ6BVV8O67NA6OPKJCV,
97,,22.0,,,,,,6.75,0.0,,1882.0,,,,69.0,,success,2,,,,2.0,ATCU3JC12ZH0N:3EICBYG644WIZ6BVV8O67NA6OPKJCV,
98,,21.0,,,,,,2.0837813518831836,0.0,,3394.0,,,,299.0,,success,1,,,,3.0,ATCU3JC12ZH0N:3EICBYG644WIZ6BVV8O67NA6OPKJCV,
99,,24.0,,,,,,1.9734161963691275,0.0,,2699.0,,,,372.0,,success,4,,,,4.0,ATCU3JC12ZH0N:3EICBYG644WIZ6BVV8O67NA6OPKJCV,
100,,33.0,,,,,,6.281829283471904,0.0,,2472.0,,,,404.0,,success,3,,,,5.0,ATCU3JC12ZH0N:3EICBYG644WIZ6BVV8O67NA6OPKJCV,
101,,33.0,,,,,,2.010577793459249,0.0,,2258.0,,,,307.0,,success,3,,,,6.0,ATCU3JC12ZH0N:3EICBYG644WIZ6BVV8O67NA6OPKJCV,
102,,5.0,,,,,,6.75,0.0,,3496.0,,,,280.0,,success,5,,,,7.0,ATCU3JC12ZH0N:3EICBYG644WIZ6BVV8O67NA6OPKJCV,
103,,2.0,,,,,,6.167449962909514,0.0,,1666.0,,,,356.0,,success,2,,,,8.0,ATCU3JC12ZH0N:3EICBYG644WIZ6BVV8O67NA6OPKJCV,
104,,25.0,,,,,,2.044295554844849,0.0,,2377.0,,,,441.0,,success,5,,,,9.0,ATCU3JC12ZH0N:3EICBYG644WIZ6BVV8O67NA6OPKJCV,
105,,34.0,,,,,,4.044182904494263,0.0,,2238.0,,,,290.0,,success,4,,,,10.0,ATCU3JC12ZH0N:3EICBYG644WIZ6BVV8O67NA6OPKJCV,
106,,75.0,,,,,,6.75,5290.0,,0.0,,,,0.0,,gamble,5,,,,11.0,ATCU3JC12ZH0N:3EICBYG644WIZ6BVV8O67NA6OPKJCV,
107,,3.0,,,,,,0.0,0.0,,0.0,,,,386.0,,success,3,,,,12.0,ATCU3JC12ZH0N:3EICBYG644WIZ6BVV8O67NA6OPKJCV,
108,,24.0,,,,,,4.128006136192994,0.0,,1740.0,,,,326.0,,success,4,,,,13.0,ATCU3JC12ZH0N:3EICBYG644WIZ6BVV8O67NA6OPKJCV,
109,,24.0,,,,,,6.354698262790521,0.0,,1494.0,,,,307.0,,success,4,,,,14.0,ATCU3JC12ZH0N:3EICBYG644WIZ6BVV8O67NA6OPKJCV,
110,,75.0,,,,,,6.000607962695357,2730.0,,0.0,,,,0.0,,gamble,5,,,,15.0,ATCU3JC12ZH0N:3EICBYG644WIZ6BVV8O67NA6OPKJCV,
111,,35.0,,,,,,6.328378698364322,0.0,,1913.0,,,,314.0,,success,5,,,,16.0,ATCU3JC12ZH0N:3EICBYG644WIZ6BVV8O67NA6OPKJCV,
112,,35.0,,,,,,2.06614700128463,0.0,,11890.0,,,,552.0,,success,5,,,,17.0,ATCU3JC12ZH0N:3EICBYG644WIZ6BVV8O67NA6OPKJCV,
113,,23.0,,,,,,3.9944804757868138,0.0,,1998.0,,,,388.0,,success,3,,,,18.0,ATCU3JC12ZH0N:3EICBYG644WIZ6BVV8O67NA6OPKJCV,
114,,21.0,,,,,,3.917208220395272,0.0,,1504.0,,,,562.0,,success,1,,,,19.0,ATCU3JC12ZH0N:3EICBYG644WIZ6BVV8O67NA6OPKJCV,
115,,6.0,,,,,,3.855977378949991,0.0,,1894.0,,,,399.0,,success,6,,,,20.0,ATCU3JC12ZH0N:3EICBYG644WIZ6BVV8O67NA6OPKJCV,
116,,1.0,,,,,,0.0,0.0,,1894.0,,,,349.0,,success,1,,,,21.0,ATCU3JC12ZH0N:3EICBYG644WIZ6BVV8O67NA6OPKJCV,
117,,2.0,,,,,,2.0645447052991335,0.0,,1527.0,,,,361.0,,success,2,,,,22.0,ATCU3JC12ZH0N:3EICBYG644WIZ6BVV8O67NA6OPKJCV,
118,,26.0,,,,,,6.340091537584856,0.0,,1823.0,,,,305.0,,success,6,,,,23.0,ATCU3JC12ZH0N:3EICBYG644WIZ6BVV8O67NA6OPKJCV,
119,,35.0,,,,,,3.8260866537798885,0.0,,1428.0,,,,327.0,,success,5,,,,24.0,ATCU3JC12ZH0N:3EICBYG644WIZ6BVV8O67NA6OPKJCV,
120,,75.0,,,,,,1.8867591710299971,3164.0,,0.0,,,,0.0,,gamble,5,,,,25.0,ATCU3JC12ZH0N:3EICBYG644WIZ6BVV8O67NA6OPKJCV,
121,,86.0,,,,,,6.0367882237699,0.0,,1686.0,,,,425.0,,success,6,,,,26.0,ATCU3JC12ZH0N:3EICBYG644WIZ6BVV8O67NA6OPKJCV,
122,,23.0,,,,,,2.04110767443004,0.0,,1760.0,,,,371.0,,success,3,,,,27.0,ATCU3JC12ZH0N:3EICBYG644WIZ6BVV8O67NA6OPKJCV,
123,,35.0,,,,,,1.8437921515219284,0.0,,1370.0,,,,395.0,,success,5,,,,28.0,ATCU3JC12ZH0N:3EICBYG644WIZ6BVV8O67NA6OPKJCV,
124,,23.0,,,,,,6.207688665428781,0.0,,1579.0,,,,464.0,,success,3,,,,29.0,ATCU3JC12ZH0N:3EICBYG644WIZ6BVV8O67NA6OPKJCV,
125,,33.0,,,,,,3.959686381537037,0.0,,1377.0,,,,403.0,,success,3,,,,30.0,ATCU3JC12ZH0N:3EICBYG644WIZ6BVV8O67NA6OPKJCV,
126,,3.0,,,,,,6.435785209123812,0.0,,1624.0,,,,381.0,,success,3,,,,31.0,ATCU3JC12ZH0N:3EICBYG644WIZ6BVV8O67NA6OPKJCV,
127,,26.0,,,,,,1.9608143076368276,0.0,,1359.0,,,,426.0,,success,6,,,,32.0,ATCU3JC12ZH0N:3EICBYG644WIZ6BVV8O67NA6OPKJCV,
128,,36.0,,,,,,2.0189297641258923,0.0,,7622.0,,,,401.0,,success,6,,,,33.0,ATCU3JC12ZH0N:3EICBYG644WIZ6BVV8O67NA6OPKJCV,
129,,24.0,,,,,,6.246150751948414,0.0,,1330.0,,,,362.0,,success,4,,,,34.0,ATCU3JC12ZH0N:3EICBYG644WIZ6BVV8O67NA6OPKJCV,
130,,2.0,,,,,,0.0,0.0,,1330.0,,,,401.0,,success,2,,,,35.0,ATCU3JC12ZH0N:3EICBYG644WIZ6BVV8O67NA6OPKJCV,
131,,25.0,,,,,,6.75,0.0,,1580.0,,,,414.0,,success,5,,,,36.0,ATCU3JC12ZH0N:3EICBYG644WIZ6BVV8O67NA6OPKJCV,
132,,31.0,,,,,,4.02240550741474,0.0,,1402.0,,,,364.0,,success,1,,,,37.0,ATCU3JC12ZH0N:3EICBYG644WIZ6BVV8O67NA6OPKJCV,
133,,34.0,,,,,,3.9301480900495607,0.0,,1461.0,,,,325.0,,success,4,,,,38.0,ATCU3JC12ZH0N:3EICBYG644WIZ6BVV8O67NA6OPKJCV,
134,,4.0,,,,,,3.930233861056827,0.0,,1517.0,,,,346.0,,success,4,,,,39.0,ATCU3JC12ZH0N:3EICBYG644WIZ6BVV8O67NA6OPKJCV,
135,,86.0,,,,,,6.75,0.0,,1567.0,,,,352.0,,success,6,,,,40.0,ATCU3JC12ZH0N:3EICBYG644WIZ6BVV8O67NA6OPKJCV,
136,,3.0,,,,,,3.9748562599640316,0.0,,1331.0,,,,279.0,,success,3,,,,41.0,ATCU3JC12ZH0N:3EICBYG644WIZ6BVV8O67NA6OPKJCV,
137,,21.0,,,,,,6.75,0.0,,1449.0,,,,312.0,,success,1,,,,42.0,ATCU3JC12ZH0N:3EICBYG644WIZ6BVV8O67NA6OPKJCV,
138,,33.0,,,,,,1.9022356668939282,0.0,,1378.0,,,,363.0,,success,3,,,,43.0,ATCU3JC12ZH0N:3EICBYG644WIZ6BVV8O67NA6OPKJCV,
139,,24.0,,,,,,2.0411704097704475,0.0,,1415.0,,,,358.0,,success,4,,,,44.0,ATCU3JC12ZH0N:3EICBYG644WIZ6BVV8O67NA6OPKJCV,
140,,2.0,,,,,,6.75,0.0,,1504.0,,,,404.0,,success,2,,,,45.0,ATCU3JC12ZH0N:3EICBYG644WIZ6BVV8O67NA6OPKJCV,
141,,26.0,,,,,,1.9983056425118484,0.0,,1494.0,,,,314.0,,success,6,,,,46.0,ATCU3JC12ZH0N:3EICBYG644WIZ6BVV8O67NA6OPKJCV,
142,,25.0,,,,,,4.033795616104902,0.0,,1331.0,,,,389.0,,success,5,,,,47.0,ATCU3JC12ZH0N:3EICBYG644WIZ6BVV8O67NA6OPKJCV,
143,,31.0,,,,,,6.75,0.0,,1443.0,,,,347.0,,success,1,,,,48.0,ATCU3JC12ZH0N:3EICBYG644WIZ6BVV8O67NA6OPKJCV,
144,,86.0,,,,,,2.0076380962031597,0.0,,1232.0,,,,388.0,,success,6,,,,49.0,ATCU3JC12ZH0N:3EICBYG644WIZ6BVV8O67NA6OPKJCV,
145,,6.0,,,,,,1.9885264332680062,0.0,,1291.0,,,,418.0,,success,6,,,,50.0,ATCU3JC12ZH0N:3EICBYG644WIZ6BVV8O67NA6OPKJCV,
146,,24.0,,,,,,3.967019326024973,0.0,,1200.0,,,,416.0,,success,4,,,,51.0,ATCU3JC12ZH0N:3EICBYG644WIZ6BVV8O67NA6OPKJCV,
147,,3.0,,,,,,6.75,0.0,,1258.0,,,,328.0,,success,3,,,,52.0,ATCU3JC12ZH0N:3EICBYG644WIZ6BVV8O67NA6OPKJCV,
148,,6.0,,,,,,0.0,0.0,,1258.0,,,,368.0,,success,6,,,,53.0,ATCU3JC12ZH0N:3EICBYG644WIZ6BVV8O67NA6OPKJCV,
149,,5.0,,,,,,4.034129524948389,0.0,,1295.0,,,,385.0,,success,5,,,,54.0,ATCU3JC12ZH0N:3EICBYG644WIZ6BVV8O67NA6OPKJCV,
150,,1.0,,,,,,3.9799870633621692,0.0,,1563.0,,,,375.0,,success,1,,,,55.0,ATCU3JC12ZH0N:3EICBYG644WIZ6BVV8O67NA6OPKJCV,
151,,5.0,,,,,,6.260356345379189,0.0,,1565.0,,,,418.0,,success,5,,,,56.0,ATCU3JC12ZH0N:3EICBYG644WIZ6BVV8O67NA6OPKJCV,
152,,5.0,,,,,,0.0,0.0,,1565.0,,,,448.0,,success,5,,,,57.0,ATCU3JC12ZH0N:3EICBYG644WIZ6BVV8O67NA6OPKJCV,
153,,31.0,,,,,,6.249487576664902,0.0,,1231.0,,,,383.0,,success,1,,,,58.0,ATCU3JC12ZH0N:3EICBYG644WIZ6BVV8O67NA6OPKJCV,
154,,1.0,,,,,,0.0,0.0,,1231.0,,,,459.0,,success,1,,,,59.0,ATCU3JC12ZH0N:3EICBYG644WIZ6BVV8O67NA6OPKJCV,
155,,25.0,,,,,,2.0891352565052252,0.0,,1964.0,,,,296.0,,success,5,,,,60.0,ATCU3JC12ZH0N:3EICBYG644WIZ6BVV8O67NA6OPKJCV,
156,,34.0,,,,,,6.75,0.0,,1372.0,,,,392.0,,success,4,,,,61.0,ATCU3JC12ZH0N:3EICBYG644WIZ6BVV8O67NA6OPKJCV,
157,,31.0,,,,,,2.11778476005072,0.0,,1537.0,,,,406.0,,success,1,,,,62.0,ATCU3JC12ZH0N:3EICBYG644WIZ6BVV8O67NA6OPKJCV,
158,,22.0,,,,,,6.517702366582666,0.0,,1357.0,,,,407.0,,success,2,,,,63.0,ATCU3JC12ZH0N:3EICBYG644WIZ6BVV8O67NA6OPKJCV,
159,,36.0,,,,,,2.1408107273555883,0.0,,1420.0,,,,400.0,,success,6,,,,64.0,ATCU3JC12ZH0N:3EICBYG644WIZ6BVV8O67NA6OPKJCV,
160,,32.0,,,,,,4.0341205232680535,0.0,,1425.0,,,,477.0,,success,2,,,,65.0,ATCU3JC12ZH0N:3EICBYG644WIZ6BVV8O67NA6OPKJCV,
161,,6.0,,,,,,6.329700771236302,0.0,,1710.0,,,,384.0,,success,6,,,,66.0,ATCU3JC12ZH0N:3EICBYG644WIZ6BVV8O67NA6OPKJCV,
162,,35.0,,,,,,4.0167249172596495,0.0,,1374.0,,,,450.0,,success,5,,,,67.0,ATCU3JC12ZH0N:3EICBYG644WIZ6BVV8O67NA6OPKJCV,
163,,21.0,,,,,,6.2940394260440184,0.0,,1361.0,,,,425.0,,success,1,,,,68.0,ATCU3JC12ZH0N:3EICBYG644WIZ6BVV8O67NA6OPKJCV,
164,,2.0,,,,,,0.0,0.0,,1361.0,,,,434.0,,success,2,,,,69.0,ATCU3JC12ZH0N:3EICBYG644WIZ6BVV8O67NA6OPKJCV,
165,,4.0,,,,,,0.0,0.0,,1361.0,,,,477.0,,success,4,,,,70.0,ATCU3JC12ZH0N:3EICBYG644WIZ6BVV8O67NA6OPKJCV,
166,,6.0,,,,,,0.0,0.0,,1361.0,,,,512.0,,success,6,,,,71.0,ATCU3JC12ZH0N:3EICBYG644WIZ6BVV8O67NA6OPKJCV,
167,,3.0,,,,,,0.0,0.0,,1361.0,,,,757.0,,success,3,,,,72.0,ATCU3JC12ZH0N:3EICBYG644WIZ6BVV8O67NA6OPKJCV,
168,,2.0,,,,,,4.048298792869873,0.0,,2598.0,,,,401.0,,success,2,,,,73.0,ATCU3JC12ZH0N:3EICBYG644WIZ6BVV8O67NA6OPKJCV,
169,,1.0,,,,,,6.1813548977582995,0.0,,2396.0,,,,396.0,,success,1,,,,74.0,ATCU3JC12ZH0N:3EICBYG644WIZ6BVV8O67NA6OPKJCV,
170,,24.0,,,,,,6.75,0.0,,1558.0,,,,395.0,,success,4,,,,75.0,ATCU3JC12ZH0N:3EICBYG644WIZ6BVV8O67NA6OPKJCV,
171,,33.0,,,,,,6.75,0.0,,1267.0,,,,408.0,,success,3,,,,76.0,ATCU3JC12ZH0N:3EICBYG644WIZ6BVV8O67NA6OPKJCV,
172,,2.0,,,,,,6.327973808167353,0.0,,2069.0,,,,373.0,,success,2,,,,77.0,ATCU3JC12ZH0N:3EICBYG644WIZ6BVV8O67NA6OPKJCV,
173,,23.0,,,,,,6.75,0.0,,1268.0,,,,724.0,,success,3,,,,78.0,ATCU3JC12ZH0N:3EICBYG644WIZ6BVV8O67NA6OPKJCV,
174,,22.0,,,,,,1.9898237463432054,0.0,,1420.0,,,,360.0,,success,2,,,,79.0,ATCU3JC12ZH0N:3EICBYG644WIZ6BVV8O67NA6OPKJCV,
175,,34.0,,,,,,6.2821206201452195,0.0,,1272.0,,,,356.0,,success,4,,,,80.0,ATCU3JC12ZH0N:3EICBYG644WIZ6BVV8O67NA6OPKJCV,
176,,5.0,,,,,,6.131406319267571,0.0,,1239.0,,,,404.0,,success,5,,,,81.0,ATCU3JC12ZH0N:3EICBYG644WIZ6BVV8O67NA6OPKJCV,
177,,36.0,,,,,,6.349397868106544,0.0,,1342.0,,,,418.0,,success,6,,,,82.0,ATCU3JC12ZH0N:3EICBYG644WIZ6BVV8O67NA6OPKJCV,
178,,36.0,,,,,,3.9139417585233303,0.0,,1152.0,,,,362.0,,success,6,,,,83.0,ATCU3JC12ZH0N:3EICBYG644WIZ6BVV8O67NA6OPKJCV,
179,,4.0,,,,,,1.9933986634323688,0.0,,1362.0,,,,407.0,,success,4,,,,84.0,ATCU3JC12ZH0N:3EICBYG644WIZ6BVV8O67NA6OPKJCV,
180,,21.0,,,,,,4.128676077227723,0.0,,1268.0,,,,527.0,,success,1,,,,85.0,ATCU3JC12ZH0N:3EICBYG644WIZ6BVV8O67NA6OPKJCV,
181,,34.0,,,,,,6.227904343577247,0.0,,1214.0,,,,512.0,,success,4,,,,86.0,ATCU3JC12ZH0N:3EICBYG644WIZ6BVV8O67NA6OPKJCV,
182,,5.0,,,,,,0.0,0.0,,1214.0,,,,458.0,,success,5,,,,87.0,ATCU3JC12ZH0N:3EICBYG644WIZ6BVV8O67NA6OPKJCV,
183,,22.0,,,,,,1.9208399816391095,0.0,,1391.0,,,,355.0,,success,2,,,,88.0,ATCU3JC12ZH0N:3EICBYG644WIZ6BVV8O67NA6OPKJCV,
184,,1.0,,,,,,1.9351730126485327,0.0,,1250.0,,,,437.0,,success,1,,,,89.0,ATCU3JC12ZH0N:3EICBYG644WIZ6BVV8O67NA6OPKJCV,
185,,5.0,,,,,,0.0,0.0,,1250.0,,,,566.0,,success,5,,,,90.0,ATCU3JC12ZH0N:3EICBYG644WIZ6BVV8O67NA6OPKJCV,
186,,5.0,,,,,,2.022451829296643,0.0,,1283.0,,,,524.0,,success,5,,,,91.0,ATCU3JC12ZH0N:3EICBYG644WIZ6BVV8O67NA6OPKJCV,
187,,1.0,,,,,,6.75,0.0,,1409.0,,,,518.0,,success,1,,,,92.0,ATCU3JC12ZH0N:3EICBYG644WIZ6BVV8O67NA6OPKJCV,
188,,21.0,,,,,,2.0552391377814443,0.0,,3074.0,,,,463.0,,success,1,,,,93.0,ATCU3JC12ZH0N:3EICBYG644WIZ6BVV8O67NA6OPKJCV,
189,,36.0,,,,,,3.9776946393168005,0.0,,1401.0,,,,417.0,,success,6,,,,94.0,ATCU3JC12ZH0N:3EICBYG644WIZ6BVV8O67NA6OPKJCV,
190,,2.0,,,,,,4.0632052834783785,0.0,,1212.0,,,,373.0,,success,2,,,,95.0,ATCU3JC12ZH0N:3EICBYG644WIZ6BVV8O67NA6OPKJCV,
191,,33.0,,,,,,4.167935801844904,0.0,,1238.0,,,,291.0,,success,3,,,,96.0,ATCU3JC12ZH0N:3EICBYG644WIZ6BVV8O67NA6OPKJCV,
192,,34.0,,,,,,2.0847486786622498,0.0,,2257.0,,,,360.0,,success,4,,,,97.0,ATCU3JC12ZH0N:3EICBYG644WIZ6BVV8O67NA6OPKJCV,
193,,4.0,,,,,,3.908132018521823,0.0,,1400.0,,,,396.0,,success,4,,,,98.0,ATCU3JC12ZH0N:3EICBYG644WIZ6BVV8O67NA6OPKJCV,
194,,5.0,,,,,,1.89715823334469,0.0,,1516.0,,,,373.0,,success,5,,,,99.0,ATCU3JC12ZH0N:3EICBYG644WIZ6BVV8O67NA6OPKJCV,
195,,32.0,,,,,,4.063037781916059,0.0,,1393.0,,,,351.0,,success,2,,,,100.0,ATCU3JC12ZH0N:3EICBYG644WIZ6BVV8O67NA6OPKJCV,
196,,6.0,,,,,,1.9795562464831369,0.0,,2808.0,,,,515.0,,success,6,,,,101.0,ATCU3JC12ZH0N:3EICBYG644WIZ6BVV8O67NA6OPKJCV,
197,,31.0,,,,,,2.039593989013169,0.0,,2619.0,,,,364.0,,success,1,,,,102.0,ATCU3JC12ZH0N:3EICBYG644WIZ6BVV8O67NA6OPKJCV,
198,,1.0,,,,,,0.0,0.0,,2619.0,,,,469.0,,success,1,,,,103.0,ATCU3JC12ZH0N:3EICBYG644WIZ6BVV8O67NA6OPKJCV,
199,,26.0,,,,,,6.75,0.0,,1353.0,,,,432.0,,success,6,,,,104.0,ATCU3JC12ZH0N:3EICBYG644WIZ6BVV8O67NA6OPKJCV,
200,,33.0,,,,,,6.250234794436606,0.0,,1521.0,,,,396.0,,success,3,,,,105.0,ATCU3JC12ZH0N:3EICBYG644WIZ6BVV8O67NA6OPKJCV,
201,,6.0,,,,,,6.75,0.0,,1254.0,,,,391.0,,success,6,,,,106.0,ATCU3JC12ZH0N:3EICBYG644WIZ6BVV8O67NA6OPKJCV,
202,,35.0,,,,,,6.285075235749758,0.0,,1249.0,,,,373.0,,success,5,,,,107.0,ATCU3JC12ZH0N:3EICBYG644WIZ6BVV8O67NA6OPKJCV,
203,,25.0,,,,,,3.938947524263447,0.0,,1380.0,,,,368.0,,success,5,,,,108.0,ATCU3JC12ZH0N:3EICBYG644WIZ6BVV8O67NA6OPKJCV,
204,,22.0,,,,,,6.290364966371247,0.0,,1464.0,,,,484.0,,success,2,,,,109.0,ATCU3JC12ZH0N:3EICBYG644WIZ6BVV8O67NA6OPKJCV,
205,,3.0,,,,,,2.0694451581248394,0.0,,1341.0,,,,393.0,,success,3,,,,110.0,ATCU3JC12ZH0N:3EICBYG644WIZ6BVV8O67NA6OPKJCV,
206,,22.0,,,,,,3.975389780178734,0.0,,1366.0,,,,436.0,,success,2,,,,111.0,ATCU3JC12ZH0N:3EICBYG644WIZ6BVV8O67NA6OPKJCV,
207,,6.0,,,,,,0.0,0.0,,1366.0,,,,465.0,,success,6,,,,112.0,ATCU3JC12ZH0N:3EICBYG644WIZ6BVV8O67NA6OPKJCV,
208,,2.0,,,,,,2.1078198451381414,0.0,,2241.0,,,,345.0,,success,2,,,,113.0,ATCU3JC12ZH0N:3EICBYG644WIZ6BVV8O67NA6OPKJCV,
209,,4.0,,,,,,0.0,0.0,,2241.0,,,,446.0,,success,4,,,,114.0,ATCU3JC12ZH0N:3EICBYG644WIZ6BVV8O67NA6OPKJCV,
210,,23.0,,,,,,2.114116844068307,0.0,,1599.0,,,,396.0,,success,3,,,,115.0,ATCU3JC12ZH0N:3EICBYG644WIZ6BVV8O67NA6OPKJCV,
211,,86.0,,,,,,3.9887976801955007,0.0,,1563.0,,,,381.0,,success,6,,,,116.0,ATCU3JC12ZH0N:3EICBYG644WIZ6BVV8O67NA6OPKJCV,
212,,32.0,,,,,,6.75,0.0,,1413.0,,,,451.0,,success,2,,,,117.0,ATCU3JC12ZH0N:3EICBYG644WIZ6BVV8O67NA6OPKJCV,
213,,21.0,,,,,,6.178090781558476,0.0,,1257.0,,,,388.0,,success,1,,,,118.0,ATCU3JC12ZH0N:3EICBYG644WIZ6BVV8O67NA6OPKJCV,
214,,26.0,,,,,,3.8760616325450767,0.0,,1299.0,,,,339.0,,success,6,,,,119.0,ATCU3JC12ZH0N:3EICBYG644WIZ6BVV8O67NA6OPKJCV,
215,,4.0,,,,,,6.160073670052027,0.0,,1346.0,,,,508.0,,success,4,,,,120.0,ATCU3JC12ZH0N:3EICBYG644WIZ6BVV8O67NA6OPKJCV,
216,,1.0,,,,,,1.910851436081632,0.0,,1695.0,,,,397.0,,success,1,,,,121.0,ATCU3JC12ZH0N:3EICBYG644WIZ6BVV8O67NA6OPKJCV,
217,,23.0,,,,,,6.273131060439326,0.0,,1310.0,,,,346.0,,success,3,,,,122.0,ATCU3JC12ZH0N:3EICBYG644WIZ6BVV8O67NA6OPKJCV,
218,,35.0,,,,,,6.75,0.0,,1358.0,,,,568.0,,success,5,,,,123.0,ATCU3JC12ZH0N:3EICBYG644WIZ6BVV8O67NA6OPKJCV,
219,,36.0,,,,,,6.75,0.0,,1318.0,,,,168.0,,success,6,,,,124.0,ATCU3JC12ZH0N:3EICBYG644WIZ6BVV8O67NA6OPKJCV,
220,,36.0,,,,,,6.29934902823681,0.0,,1264.0,,,,424.0,,success,6,,,,125.0,ATCU3JC12ZH0N:3EICBYG644WIZ6BVV8O67NA6OPKJCV,
221,,32.0,,,,,,6.292282060799594,0.0,,1318.0,,,,300.0,,success,2,,,,126.0,ATCU3JC12ZH0N:3EICBYG644WIZ6BVV8O67NA6OPKJCV,
222,,26.0,,,,,,4.088156974668104,0.0,,1508.0,,,,431.0,,success,6,,,,127.0,ATCU3JC12ZH0N:3EICBYG644WIZ6BVV8O67NA6OPKJCV,
223,,2.0,,,,,,4.11423488358231,0.0,,1354.0,,,,373.0,,success,2,,,,128.0,ATCU3JC12ZH0N:3EICBYG644WIZ6BVV8O67NA6OPKJCV,
224,,75.0,,,,,,4.026158145435365,2369.0,,0.0,,,,0.0,,gamble,5,,,,129.0,ATCU3JC12ZH0N:3EICBYG644WIZ6BVV8O67NA6OPKJCV,
225,,3.0,,,,,,0.0,0.0,,0.0,,,,353.0,,success,3,,,,130.0,ATCU3JC12ZH0N:3EICBYG644WIZ6BVV8O67NA6OPKJCV,
226,,3.0,,,,,,2.022016248086733,0.0,,1242.0,,,,365.0,,success,3,,,,131.0,ATCU3JC12ZH0N:3EICBYG644WIZ6BVV8O67NA6OPKJCV,
227,,31.0,,,,,,4.032571544731674,0.0,,1612.0,,,,326.0,,success,1,,,,132.0,ATCU3JC12ZH0N:3EICBYG644WIZ6BVV8O67NA6OPKJCV,
228,,5.0,,,,,,4.13426695691865,0.0,,1462.0,,,,394.0,,success,5,,,,133.0,ATCU3JC12ZH0N:3EICBYG644WIZ6BVV8O67NA6OPKJCV,
229,,4.0,,,,,,6.166798783179694,0.0,,1456.0,,,,399.0,,success,4,,,,134.0,ATCU3JC12ZH0N:3EICBYG644WIZ6BVV8O67NA6OPKJCV,
230,,1.0,,,,,,3.934589246259582,0.0,,1319.0,,,,265.0,,success,1,,,,135.0,ATCU3JC12ZH0N:3EICBYG644WIZ6BVV8O67NA6OPKJCV,
231,,4.0,,,,,,6.75,0.0,,1395.0,,,,434.0,,success,4,,,,136.0,ATCU3JC12ZH0N:3EICBYG644WIZ6BVV8O67NA6OPKJCV,
232,,6.0,,,,,,6.284691769861052,0.0,,1275.0,,,,482.0,,success,6,,,,137.0,ATCU3JC12ZH0N:3EICBYG644WIZ6BVV8O67NA6OPKJCV,
233,,3.0,,,,,,6.120779596123367,0.0,,1338.0,,,,405.0,,success,3,,,,138.0,ATCU3JC12ZH0N:3EICBYG644WIZ6BVV8O67NA6OPKJCV,
234,,31.0,,,,,,6.2025452809766355,0.0,,1251.0,,,,446.0,,success,1,,,,139.0,ATCU3JC12ZH0N:3EICBYG644WIZ6BVV8O67NA6OPKJCV,
235,,25.0,,,,,,6.215355947317798,0.0,,1379.0,,,,402.0,,success,5,,,,140.0,ATCU3JC12ZH0N:3EICBYG644WIZ6BVV8O67NA6OPKJCV,
236,,1.0,,,,,,6.153374868654962,0.0,,1221.0,,,,539.0,,success,1,,,,141.0,ATCU3JC12ZH0N:3EICBYG644WIZ6BVV8O67NA6OPKJCV,
237,,22.0,,,,,,4.087683947064548,0.0,,1914.0,,,,366.0,,success,2,,,,142.0,ATCU3JC12ZH0N:3EICBYG644WIZ6BVV8O67NA6OPKJCV,
238,,6.0,,,,,,4.011971469268109,0.0,,1781.0,,,,404.0,,success,6,,,,143.0,ATCU3JC12ZH0N:3EICBYG644WIZ6BVV8O67NA6OPKJCV,
239,,25.0,,,,,,6.321927323626273,0.0,,1365.0,,,,483.0,,success,5,,,,144.0,ATCU3JC12ZH0N:3EICBYG644WIZ6BVV8O67NA6OPKJCV,
240,,4.0,,,,,,0.0,0.0,,1365.0,,,,454.0,,success,4,,,,145.0,ATCU3JC12ZH0N:3EICBYG644WIZ6BVV8O67NA6OPKJCV,
241,,2.0,,,,,,0.0,0.0,,1365.0,,,,565.0,,success,2,,,,146.0,ATCU3JC12ZH0N:3EICBYG644WIZ6BVV8O67NA6OPKJCV,
242,,32.0,,,,,,1.9328599405951992,0.0,,1649.0,,,,789.0,,success,2,,,,147.0,ATCU3JC12ZH0N:3EICBYG644WIZ6BVV8O67NA6OPKJCV,
243,,26.0,,,,,,6.326214244737279,0.0,,1412.0,,,,411.0,,success,6,,,,148.0,ATCU3JC12ZH0N:3EICBYG644WIZ6BVV8O67NA6OPKJCV,
244,,23.0,,,,,,4.000441957944839,0.0,,1276.0,,,,506.0,,success,3,,,,149.0,ATCU3JC12ZH0N:3EICBYG644WIZ6BVV8O67NA6OPKJCV,
245,,34.0,,,,,,1.9418815224849042,0.0,,1480.0,,,,542.0,,success,4,,,,150.0,ATCU3JC12ZH0N:3EICBYG644WIZ6BVV8O67NA6OPKJCV,
246,,32.0,,,,,,1.8892633852756522,0.0,,1394.0,,,,316.0,,success,2,,,,151.0,ATCU3JC12ZH0N:3EICBYG644WIZ6BVV8O67NA6OPKJCV,
247,,4.0,,,,,,1.9001354040224827,0.0,,1633.0,,,,367.0,,success,4,,,,152.0,ATCU3JC12ZH0N:3EICBYG644WIZ6BVV8O67NA6OPKJCV,
248,,3.0,,,,,3545769.0,3.9398631460110853,0.0,,3055.0,,,,340.0,,success,3,,,,153.0,ATCU3JC12ZH0N:3EICBYG644WIZ6BVV8O67NA6OPKJCV,
249,,,,,,,,,,,,,,,,postquestionnaire,,,begin,,,,ATCU3JC12ZH0N:3EICBYG644WIZ6BVV8O67NA6OPKJCV,
250,2.0,,,,,,,,,,,,,,,postquestionnaire,,,submit,,,,ATCU3JC12ZH0N:3EICBYG644WIZ6BVV8O67NA6OPKJCV,
251,,,,,,7,,,,,,,,,,,,,,,,,ATCU3JC12ZH0N:3EICBYG644WIZ6BVV8O67NA6OPKJCV,
252,,,,,0,,,,,,,,,,,,,,,,,,ATCU3JC12ZH0N:3EICBYG644WIZ6BVV8O67NA6OPKJCV,
253,,,,,,,,,,,,,,10,,,,,,,,,ATCU3JC12ZH0N:3EICBYG644WIZ6BVV8O67NA6OPKJCV,
254,,,,4,,,,,,,,,,,,,,,,,,,ATCU3JC12ZH0N:3EICBYG644WIZ6BVV8O67NA6OPKJCV,
255,,,,,,,,,,2,,,,,,,,,,,,,ATCU3JC12ZH0N:3EICBYG644WIZ6BVV8O67NA6OPKJCV,
256,,,,,,,,,,,,,6,,,,,,,,,,ATCU3JC12ZH0N:3EICBYG644WIZ6BVV8O67NA6OPKJCV,
257,,,Begin,,,,,,,,,,,,,INSTRUCTIONS,,,,,"[u'instructions/instruct-1.html', u'instructions/instruct-2.html', u'instructions/instruct-3.html', u'instructions/instruct-ready.html']",,A3BFMY5OX2WMUW:32UTUBMZ7GW8GWJJYX6UZRFI1SIBVU,
258,,,NextPage,,,,,,,,,0.0,,,,INSTRUCTIONS,,,,instructions/instruct-1.html,,,A3BFMY5OX2WMUW:32UTUBMZ7GW8GWJJYX6UZRFI1SIBVU,22978.0
259,,,NextPage,,,,,,,,,1.0,,,,INSTRUCTIONS,,,,instructions/instruct-2.html,,,A3BFMY5OX2WMUW:32UTUBMZ7GW8GWJJYX6UZRFI1SIBVU,40831.0
260,,,NextPage,,,,,,,,,2.0,,,,INSTRUCTIONS,,,,instructions/instruct-3.html,,,A3BFMY5OX2WMUW:32UTUBMZ7GW8GWJJYX6UZRFI1SIBVU,55211.0
261,,,FinishInstructions,,,,,,,,,3.0,,,,INSTRUCTIONS,,,,instructions/instruct-ready.html,,,A3BFMY5OX2WMUW:32UTUBMZ7GW8GWJJYX6UZRFI1SIBVU,57124.0
262,,21.0,,,,,,6.251585217402,0.0,,5209.0,,,,315.0,,success,1,,,,1.0,A3BFMY5OX2WMUW:32UTUBMZ7GW8GWJJYX6UZRFI1SIBVU,
263,,25.0,,,,,,3.794505206650426,0.0,,1953.0,,,,409.0,,success,5,,,,2.0,A3BFMY5OX2WMUW:32UTUBMZ7GW8GWJJYX6UZRFI1SIBVU,
264,,22.0,,,,,,4.080543553133036,0.0,,2338.0,,,,407.0,,success,2,,,,3.0,A3BFMY5OX2WMUW:32UTUBMZ7GW8GWJJYX6UZRFI1SIBVU,
265,,21.0,,,,,,6.75,0.0,,1324.0,,,,333.0,,success,1,,,,4.0,A3BFMY5OX2WMUW:32UTUBMZ7GW8GWJJYX6UZRFI1SIBVU,
266,,24.0,,,,,,2.082157374238355,0.0,,2145.0,,,,444.0,,success,4,,,,5.0,A3BFMY5OX2WMUW:32UTUBMZ7GW8GWJJYX6UZRFI1SIBVU,
267,,75.0,,,,,,6.75,0.0,,6041.0,,,,365.0,,success,5,,,,6.0,A3BFMY5OX2WMUW:32UTUBMZ7GW8GWJJYX6UZRFI1SIBVU,
268,,22.0,,,,,,6.75,0.0,,1653.0,,,,365.0,,success,2,,,,7.0,A3BFMY5OX2WMUW:32UTUBMZ7GW8GWJJYX6UZRFI1SIBVU,
269,,1.0,,,,,,2.005996626102886,0.0,,2878.0,,,,371.0,,success,1,,,,8.0,A3BFMY5OX2WMUW:32UTUBMZ7GW8GWJJYX6UZRFI1SIBVU,
270,,31.0,,,,,,6.203211076922078,983.0,,0.0,,,,0.0,,gamble,1,,,,9.0,A3BFMY5OX2WMUW:32UTUBMZ7GW8GWJJYX6UZRFI1SIBVU,
271,,25.0,,,,,,6.14046797861918,0.0,,1805.0,,,,427.0,,success,5,,,,10.0,A3BFMY5OX2WMUW:32UTUBMZ7GW8GWJJYX6UZRFI1SIBVU,
272,,34.0,,,,,,2.090257990689308,0.0,,5000.0,,,,395.0,,success,4,,,,11.0,A3BFMY5OX2WMUW:32UTUBMZ7GW8GWJJYX6UZRFI1SIBVU,
273,,86.0,,,,,,6.75,0.0,,1900.0,,,,429.0,,success,6,,,,12.0,A3BFMY5OX2WMUW:32UTUBMZ7GW8GWJJYX6UZRFI1SIBVU,
274,,31.0,,,,,,2.0959164001388517,0.0,,1836.0,,,,234.0,,success,1,,,,13.0,A3BFMY5OX2WMUW:32UTUBMZ7GW8GWJJYX6UZRFI1SIBVU,
275,,86.0,,,,,,1.9545504940792031,0.0,,1501.0,,,,379.0,,success,6,,,,14.0,A3BFMY5OX2WMUW:32UTUBMZ7GW8GWJJYX6UZRFI1SIBVU,
276,,35.0,,,,,,1.8504356990903434,0.0,,5336.0,,,,186.0,,success,5,,,,15.0,A3BFMY5OX2WMUW:32UTUBMZ7GW8GWJJYX6UZRFI1SIBVU,
277,,26.0,,,,,,1.9516260605239169,0.0,,1756.0,,,,414.0,,success,6,,,,16.0,A3BFMY5OX2WMUW:32UTUBMZ7GW8GWJJYX6UZRFI1SIBVU,
278,,3.0,,,,,,4.069281747668634,0.0,,2637.0,,,,333.0,,success,3,,,,17.0,A3BFMY5OX2WMUW:32UTUBMZ7GW8GWJJYX6UZRFI1SIBVU,
279,,24.0,,,,,,3.923839938499712,0.0,,1574.0,,,,371.0,,success,4,,,,18.0,A3BFMY5OX2WMUW:32UTUBMZ7GW8GWJJYX6UZRFI1SIBVU,
280,,86.0,,,,,,4.027485691055439,0.0,,1655.0,,,,258.0,,success,6,,,,19.0,A3BFMY5OX2WMUW:32UTUBMZ7GW8GWJJYX6UZRFI1SIBVU,
281,,6.0,,,,,,0.0,0.0,,1655.0,,,,460.0,,success,6,,,,20.0,A3BFMY5OX2WMUW:32UTUBMZ7GW8GWJJYX6UZRFI1SIBVU,
282,,1.0,,,,,,6.75,0.0,,3620.0,,,,398.0,,success,1,,,,21.0,A3BFMY5OX2WMUW:32UTUBMZ7GW8GWJJYX6UZRFI1SIBVU,
283,,1.0,,,,,,2.0488956764488018,0.0,,1402.0,,,,382.0,,success,1,,,,22.0,A3BFMY5OX2WMUW:32UTUBMZ7GW8GWJJYX6UZRFI1SIBVU,
284,,4.0,,,,,,6.75,0.0,,3308.0,,,,396.0,,success,4,,,,23.0,A3BFMY5OX2WMUW:32UTUBMZ7GW8GWJJYX6UZRFI1SIBVU,
285,,25.0,,,,,,1.9003527472018265,0.0,,1366.0,,,,397.0,,success,5,,,,24.0,A3BFMY5OX2WMUW:32UTUBMZ7GW8GWJJYX6UZRFI1SIBVU,
286,,2.0,,,,,,0.0,0.0,,1366.0,,,,426.0,,success,2,,,,25.0,A3BFMY5OX2WMUW:32UTUBMZ7GW8GWJJYX6UZRFI1SIBVU,
287,,3.0,,,,,,0.0,0.0,,1366.0,,,,401.0,,success,3,,,,26.0,A3BFMY5OX2WMUW:32UTUBMZ7GW8GWJJYX6UZRFI1SIBVU,
288,,6.0,,,,,,1.9109393432767274,0.0,,1412.0,,,,439.0,,success,6,,,,27.0,A3BFMY5OX2WMUW:32UTUBMZ7GW8GWJJYX6UZRFI1SIBVU,
289,,4.0,,,,,,6.164710713326793,0.0,,1397.0,,,,388.0,,success,4,,,,28.0,A3BFMY5OX2WMUW:32UTUBMZ7GW8GWJJYX6UZRFI1SIBVU,
290,,25.0,,,,,,6.75,0.0,,1140.0,,,,580.0,,success,5,,,,29.0,A3BFMY5OX2WMUW:32UTUBMZ7GW8GWJJYX6UZRFI1SIBVU,
291,,34.0,,,,,,1.9593935494612023,0.0,,1210.0,,,,320.0,,success,4,,,,30.0,A3BFMY5OX2WMUW:32UTUBMZ7GW8GWJJYX6UZRFI1SIBVU,
292,,32.0,,,,,,2.0071459548204382,3650.0,,0.0,,,,0.0,,gamble,2,,,,31.0,A3BFMY5OX2WMUW:32UTUBMZ7GW8GWJJYX6UZRFI1SIBVU,
293,,22.0,,,,,,1.999339875285772,0.0,,3330.0,,,,464.0,,success,2,,,,32.0,A3BFMY5OX2WMUW:32UTUBMZ7GW8GWJJYX6UZRFI1SIBVU,
294,,2.0,,,,,,4.172556448702176,0.0,,1100.0,,,,243.0,,success,2,,,,33.0,A3BFMY5OX2WMUW:32UTUBMZ7GW8GWJJYX6UZRFI1SIBVU,
295,,75.0,,,,,,5.946022272967899,6185.0,,0.0,,,,0.0,,gamble,5,,,,34.0,A3BFMY5OX2WMUW:32UTUBMZ7GW8GWJJYX6UZRFI1SIBVU,
296,,36.0,,,,,,6.150443776475926,0.0,,3045.0,,,,372.0,,success,6,,,,35.0,A3BFMY5OX2WMUW:32UTUBMZ7GW8GWJJYX6UZRFI1SIBVU,
297,,1.0,,,,,,3.9310589579520774,0.0,,1248.0,,,,355.0,,success,1,,,,36.0,A3BFMY5OX2WMUW:32UTUBMZ7GW8GWJJYX6UZRFI1SIBVU,
298,,36.0,,,,,,4.148646814118673,0.0,,1503.0,,,,412.0,,success,6,,,,37.0,A3BFMY5OX2WMUW:32UTUBMZ7GW8GWJJYX6UZRFI1SIBVU,
299,,31.0,,,,,,4.073586915466672,1745.0,,0.0,,,,0.0,,gamble,1,,,,38.0,A3BFMY5OX2WMUW:32UTUBMZ7GW8GWJJYX6UZRFI1SIBVU,
300,,22.0,,,,,,6.21797782501925,0.0,,1354.0,,,,146.0,,success,2,,,,39.0,A3BFMY5OX2WMUW:32UTUBMZ7GW8GWJJYX6UZRFI1SIBVU,
301,,5.0,,,,,,1.9501491135439744,0.0,,1373.0,,,,318.0,,success,5,,,,40.0,A3BFMY5OX2WMUW:32UTUBMZ7GW8GWJJYX6UZRFI1SIBVU,
302,,21.0,,,,,,6.342256226051288,0.0,,1325.0,,,,366.0,,success,1,,,,41.0,A3BFMY5OX2WMUW:32UTUBMZ7GW8GWJJYX6UZRFI1SIBVU,
303,,22.0,,,,,,4.056628627928228,0.0,,2076.0,,,,287.0,,success,2,,,,42.0,A3BFMY5OX2WMUW:32UTUBMZ7GW8GWJJYX6UZRFI1SIBVU,
304,,35.0,,,,,,5.9443976281648885,0.0,,1619.0,,,,391.0,,success,5,,,,43.0,A3BFMY5OX2WMUW:32UTUBMZ7GW8GWJJYX6UZRFI1SIBVU,
305,,2.0,,,,,,0.0,0.0,,1619.0,,,,458.0,,success,2,,,,44.0,A3BFMY5OX2WMUW:32UTUBMZ7GW8GWJJYX6UZRFI1SIBVU,
306,,34.0,,,,,,4.020065885272558,0.0,,1629.0,,,,348.0,,success,4,,,,45.0,A3BFMY5OX2WMUW:32UTUBMZ7GW8GWJJYX6UZRFI1SIBVU,
307,,26.0,,,,,,6.176142663716782,0.0,,1586.0,,,,393.0,,success,6,,,,46.0,A3BFMY5OX2WMUW:32UTUBMZ7GW8GWJJYX6UZRFI1SIBVU,
308,,24.0,,,,,,4.121380224787592,0.0,,2138.0,,,,448.0,,success,4,,,,47.0,A3BFMY5OX2WMUW:32UTUBMZ7GW8GWJJYX6UZRFI1SIBVU,
309,,26.0,,,,,,6.75,0.0,,1068.0,,,,398.0,,success,6,,,,48.0,A3BFMY5OX2WMUW:32UTUBMZ7GW8GWJJYX6UZRFI1SIBVU,
310,,3.0,,,,,,6.25193146593187,0.0,,1767.0,,,,253.0,,success,3,,,,49.0,A3BFMY5OX2WMUW:32UTUBMZ7GW8GWJJYX6UZRFI1SIBVU,
311,,2.0,,,,,,0.0,0.0,,1767.0,,,,459.0,,success,2,,,,50.0,A3BFMY5OX2WMUW:32UTUBMZ7GW8GWJJYX6UZRFI1SIBVU,
312,,23.0,,,,,,1.9584789743079007,0.0,,1918.0,,,,414.0,,success,3,,,,51.0,A3BFMY5OX2WMUW:32UTUBMZ7GW8GWJJYX6UZRFI1SIBVU,
313,,2.0,,,,,,2.1355202357948597,0.0,,1517.0,,,,371.0,,success,2,,,,52.0,A3BFMY5OX2WMUW:32UTUBMZ7GW8GWJJYX6UZRFI1SIBVU,
314,,26.0,,,,,,2.0944955172841078,0.0,,1013.0,,,,428.0,,success,6,,,,53.0,A3BFMY5OX2WMUW:32UTUBMZ7GW8GWJJYX6UZRFI1SIBVU,
315,,22.0,,,,,,1.98991994985349,0.0,,788.0,,,,422.0,,success,2,,,,54.0,A3BFMY5OX2WMUW:32UTUBMZ7GW8GWJJYX6UZRFI1SIBVU,
316,,5.0,,,,,,1.9687850704010228,0.0,,1009.0,,,,463.0,,success,5,,,,55.0,A3BFMY5OX2WMUW:32UTUBMZ7GW8GWJJYX6UZRFI1SIBVU,
317,,1.0,,,,,,6.145961807677316,0.0,,1354.0,,,,434.0,,success,1,,,,56.0,A3BFMY5OX2WMUW:32UTUBMZ7GW8GWJJYX6UZRFI1SIBVU,
318,,35.0,,,,,,6.023924726834968,0.0,,1420.0,,,,430.0,,success,5,,,,57.0,A3BFMY5OX2WMUW:32UTUBMZ7GW8GWJJYX6UZRFI1SIBVU,
319,,33.0,,,,,,6.334256963722552,0.0,,1844.0,,,,424.0,,success,3,,,,58.0,A3BFMY5OX2WMUW:32UTUBMZ7GW8GWJJYX6UZRFI1SIBVU,
320,,6.0,,,,,,3.9557950756713,0.0,,903.0,,,,338.0,,success,6,,,,59.0,A3BFMY5OX2WMUW:32UTUBMZ7GW8GWJJYX6UZRFI1SIBVU,
321,,32.0,,,,,,6.296856888642149,3792.0,,0.0,,,,0.0,,gamble,2,,,,60.0,A3BFMY5OX2WMUW:32UTUBMZ7GW8GWJJYX6UZRFI1SIBVU,
322,,25.0,,,,,,2.0296997094203233,0.0,,2213.0,,,,459.0,,success,5,,,,61.0,A3BFMY5OX2WMUW:32UTUBMZ7GW8GWJJYX6UZRFI1SIBVU,
323,,34.0,,,,,,6.238954599401138,0.0,,1037.0,,,,398.0,,success,4,,,,62.0,A3BFMY5OX2WMUW:32UTUBMZ7GW8GWJJYX6UZRFI1SIBVU,
324,,5.0,,,,,,0.0,0.0,,1037.0,,,,491.0,,success,5,,,,63.0,A3BFMY5OX2WMUW:32UTUBMZ7GW8GWJJYX6UZRFI1SIBVU,
325,,3.0,,,,,,1.984637022156459,0.0,,1627.0,,,,414.0,,success,3,,,,64.0,A3BFMY5OX2WMUW:32UTUBMZ7GW8GWJJYX6UZRFI1SIBVU,
326,,23.0,,,,,,3.887968089119155,0.0,,1378.0,,,,409.0,,success,3,,,,65.0,A3BFMY5OX2WMUW:32UTUBMZ7GW8GWJJYX6UZRFI1SIBVU,
327,,36.0,,,,,,2.073476829613056,0.0,,1346.0,,,,376.0,,success,6,,,,66.0,A3BFMY5OX2WMUW:32UTUBMZ7GW8GWJJYX6UZRFI1SIBVU,
328,,6.0,,,,,,6.75,0.0,,1005.0,,,,397.0,,success,6,,,,67.0,A3BFMY5OX2WMUW:32UTUBMZ7GW8GWJJYX6UZRFI1SIBVU,
329,,4.0,,,,,,1.8956939710438996,0.0,,1397.0,,,,422.0,,success,4,,,,68.0,A3BFMY5OX2WMUW:32UTUBMZ7GW8GWJJYX6UZRFI1SIBVU,
330,,33.0,,,,,,3.9679593416259316,0.0,,2932.0,,,,414.0,,success,3,,,,69.0,A3BFMY5OX2WMUW:32UTUBMZ7GW8GWJJYX6UZRFI1SIBVU,
331,,75.0,,,,,,1.9857349492379162,3353.0,,0.0,,,,0.0,,gamble,5,,,,70.0,A3BFMY5OX2WMUW:32UTUBMZ7GW8GWJJYX6UZRFI1SIBVU,
332,,4.0,,,,,,6.311702052738896,0.0,,973.0,,,,398.0,,success,4,,,,71.0,A3BFMY5OX2WMUW:32UTUBMZ7GW8GWJJYX6UZRFI1SIBVU,
333,,32.0,,,,,,2.0593467137396155,3815.0,,0.0,,,,0.0,,gamble,2,,,,72.0,A3BFMY5OX2WMUW:32UTUBMZ7GW8GWJJYX6UZRFI1SIBVU,
334,,23.0,,,,,,6.75,0.0,,854.0,,,,398.0,,success,3,,,,73.0,A3BFMY5OX2WMUW:32UTUBMZ7GW8GWJJYX6UZRFI1SIBVU,
335,,21.0,,,,,,4.073337185823519,0.0,,944.0,,,,328.0,,success,1,,,,74.0,A3BFMY5OX2WMUW:32UTUBMZ7GW8GWJJYX6UZRFI1SIBVU,
336,,33.0,,,,,,1.9274779219548837,0.0,,2708.0,,,,455.0,,success,3,,,,75.0,A3BFMY5OX2WMUW:32UTUBMZ7GW8GWJJYX6UZRFI1SIBVU,
337,,34.0,,,,,,6.210185016320528,0.0,,1351.0,,,,402.0,,success,4,,,,76.0,A3BFMY5OX2WMUW:32UTUBMZ7GW8GWJJYX6UZRFI1SIBVU,
338,,35.0,,,,,,4.04466090310367,0.0,,1486.0,,,,364.0,,success,5,,,,77.0,A3BFMY5OX2WMUW:32UTUBMZ7GW8GWJJYX6UZRFI1SIBVU,
339,,33.0,,,,,,6.255100338712237,0.0,,995.0,,,,385.0,,success,3,,,,78.0,A3BFMY5OX2WMUW:32UTUBMZ7GW8GWJJYX6UZRFI1SIBVU,
340,,26.0,,,,,,3.8886757773767786,0.0,,1857.0,,,,408.0,,success,6,,,,79.0,A3BFMY5OX2WMUW:32UTUBMZ7GW8GWJJYX6UZRFI1SIBVU,
341,,2.0,,,,,,6.235289745707854,0.0,,2168.0,,,,450.0,,success,2,,,,80.0,A3BFMY5OX2WMUW:32UTUBMZ7GW8GWJJYX6UZRFI1SIBVU,
342,,3.0,,,,,,3.8766599162512243,0.0,,1519.0,,,,363.0,,success,3,,,,81.0,A3BFMY5OX2WMUW:32UTUBMZ7GW8GWJJYX6UZRFI1SIBVU,
343,,22.0,,,,,,6.26310182823007,0.0,,1684.0,,,,417.0,,success,2,,,,82.0,A3BFMY5OX2WMUW:32UTUBMZ7GW8GWJJYX6UZRFI1SIBVU,
344,,3.0,,,,,,0.0,0.0,,1684.0,,,,370.0,,success,3,,,,83.0,A3BFMY5OX2WMUW:32UTUBMZ7GW8GWJJYX6UZRFI1SIBVU,
345,,32.0,,,,,,3.84237735364791,2704.0,,0.0,,,,0.0,,gamble,2,,,,84.0,A3BFMY5OX2WMUW:32UTUBMZ7GW8GWJJYX6UZRFI1SIBVU,
346,,4.0,,,,,,0.0,0.0,,0.0,,,,423.0,,success,4,,,,85.0,A3BFMY5OX2WMUW:32UTUBMZ7GW8GWJJYX6UZRFI1SIBVU,
347,,5.0,,,,,,6.75,0.0,,1230.0,,,,269.0,,success,5,,,,86.0,A3BFMY5OX2WMUW:32UTUBMZ7GW8GWJJYX6UZRFI1SIBVU,
348,,23.0,,,,,,3.8975634255392047,0.0,,1092.0,,,,441.0,,success,3,,,,87.0,A3BFMY5OX2WMUW:32UTUBMZ7GW8GWJJYX6UZRFI1SIBVU,
349,,32.0,,,,,,4.0756175958812655,0.0,,1008.0,,,,370.0,,success,2,,,,88.0,A3BFMY5OX2WMUW:32UTUBMZ7GW8GWJJYX6UZRFI1SIBVU,
350,,1.0,,,,,,0.0,0.0,,1008.0,,,,428.0,,success,1,,,,89.0,A3BFMY5OX2WMUW:32UTUBMZ7GW8GWJJYX6UZRFI1SIBVU,
351,,4.0,,,,,,0.0,0.0,,1008.0,,,,532.0,,success,4,,,,90.0,A3BFMY5OX2WMUW:32UTUBMZ7GW8GWJJYX6UZRFI1SIBVU,
352,,5.0,,,,,,4.114840924076481,0.0,,1023.0,,,,410.0,,success,5,,,,91.0,A3BFMY5OX2WMUW:32UTUBMZ7GW8GWJJYX6UZRFI1SIBVU,
353,,34.0,,,,,,3.8699677220259043,0.0,,2710.0,,,,445.0,,success,4,,,,92.0,A3BFMY5OX2WMUW:32UTUBMZ7GW8GWJJYX6UZRFI1SIBVU,
354,,2.0,,,,,,2.1470999296008655,0.0,,1399.0,,,,420.0,,success,2,,,,93.0,A3BFMY5OX2WMUW:32UTUBMZ7GW8GWJJYX6UZRFI1SIBVU,
355,,6.0,,,,,,0.0,0.0,,1399.0,,,,450.0,,success,6,,,,94.0,A3BFMY5OX2WMUW:32UTUBMZ7GW8GWJJYX6UZRFI1SIBVU,
356,,21.0,,,,,,3.9501046131089934,0.0,,1036.0,,,,398.0,,success,1,,,,95.0,A3BFMY5OX2WMUW:32UTUBMZ7GW8GWJJYX6UZRFI1SIBVU,
357,,24.0,,,,,,6.425364524765278,0.0,,1650.0,,,,458.0,,success,4,,,,96.0,A3BFMY5OX2WMUW:32UTUBMZ7GW8GWJJYX6UZRFI1SIBVU,
358,,31.0,,,,,,6.253449992771922,2902.0,,0.0,,,,0.0,,gamble,1,,,,97.0,A3BFMY5OX2WMUW:32UTUBMZ7GW8GWJJYX6UZRFI1SIBVU,
359,,2.0,,,,,,3.919388233708195,0.0,,2341.0,,,,408.0,,success,2,,,,98.0,A3BFMY5OX2WMUW:32UTUBMZ7GW8GWJJYX6UZRFI1SIBVU,
360,,26.0,,,,,,6.109454270214193,0.0,,1462.0,,,,517.0,,success,6,,,,99.0,A3BFMY5OX2WMUW:32UTUBMZ7GW8GWJJYX6UZRFI1SIBVU,
361,,6.0,,,,,,6.203043020526465,0.0,,1104.0,,,,427.0,,success,6,,,,100.0,A3BFMY5OX2WMUW:32UTUBMZ7GW8GWJJYX6UZRFI1SIBVU,
362,,36.0,,,,,,4.113740045735246,0.0,,1570.0,,,,313.0,,success,6,,,,101.0,A3BFMY5OX2WMUW:32UTUBMZ7GW8GWJJYX6UZRFI1SIBVU,
363,,6.0,,,,,,0.0,0.0,,1570.0,,,,457.0,,success,6,,,,102.0,A3BFMY5OX2WMUW:32UTUBMZ7GW8GWJJYX6UZRFI1SIBVU,
364,,4.0,,,,,,2.002052679065134,0.0,,1193.0,,,,433.0,,success,4,,,,103.0,A3BFMY5OX2WMUW:32UTUBMZ7GW8GWJJYX6UZRFI1SIBVU,
365,,6.0,,,,,,1.971920780529821,0.0,,1192.0,,,,722.0,,success,6,,,,104.0,A3BFMY5OX2WMUW:32UTUBMZ7GW8GWJJYX6UZRFI1SIBVU,
366,,21.0,,,,,,1.8500174673254255,0.0,,998.0,,,,499.0,,success,1,,,,105.0,A3BFMY5OX2WMUW:32UTUBMZ7GW8GWJJYX6UZRFI1SIBVU,
367,,23.0,,,,,,6.287793724947617,0.0,,1084.0,,,,543.0,,success,3,,,,106.0,A3BFMY5OX2WMUW:32UTUBMZ7GW8GWJJYX6UZRFI1SIBVU,
368,,36.0,,,,,,2.1456539805875505,0.0,,2737.0,,,,445.0,,success,6,,,,107.0,A3BFMY5OX2WMUW:32UTUBMZ7GW8GWJJYX6UZRFI1SIBVU,
369,,32.0,,,,,,6.33874964004517,1640.0,,0.0,,,,0.0,,gamble,2,,,,108.0,A3BFMY5OX2WMUW:32UTUBMZ7GW8GWJJYX6UZRFI1SIBVU,
370,,24.0,,,,,,6.75,0.0,,1270.0,,,,485.0,,success,4,,,,109.0,A3BFMY5OX2WMUW:32UTUBMZ7GW8GWJJYX6UZRFI1SIBVU,
371,,31.0,,,,,,6.75,1802.0,,0.0,,,,0.0,,gamble,1,,,,110.0,A3BFMY5OX2WMUW:32UTUBMZ7GW8GWJJYX6UZRFI1SIBVU,
372,,2.0,,,,,,6.75,0.0,,1644.0,,,,396.0,,success,2,,,,111.0,A3BFMY5OX2WMUW:32UTUBMZ7GW8GWJJYX6UZRFI1SIBVU,
373,,3.0,,,,,,6.28512949805685,0.0,,2271.0,,,,373.0,,success,3,,,,112.0,A3BFMY5OX2WMUW:32UTUBMZ7GW8GWJJYX6UZRFI1SIBVU,
374,,1.0,,,,,,3.994483374489738,0.0,,3865.0,,,,475.0,,success,1,,,,113.0,A3BFMY5OX2WMUW:32UTUBMZ7GW8GWJJYX6UZRFI1SIBVU,
375,,5.0,,,,,,6.2138503316067215,0.0,,1326.0,,,,428.0,,success,5,,,,114.0,A3BFMY5OX2WMUW:32UTUBMZ7GW8GWJJYX6UZRFI1SIBVU,
376,,33.0,,,,,,6.75,0.0,,2342.0,,,,431.0,,success,3,,,,115.0,A3BFMY5OX2WMUW:32UTUBMZ7GW8GWJJYX6UZRFI1SIBVU,
377,,5.0,,,,,,0.0,0.0,,2342.0,,,,426.0,,success,5,,,,116.0,A3BFMY5OX2WMUW:32UTUBMZ7GW8GWJJYX6UZRFI1SIBVU,
378,,33.0,,,,,,2.0143588896315263,0.0,,4021.0,,,,384.0,,success,3,,,,117.0,A3BFMY5OX2WMUW:32UTUBMZ7GW8GWJJYX6UZRFI1SIBVU,
379,,35.0,,,,,,6.75,0.0,,1613.0,,,,428.0,,success,5,,,,118.0,A3BFMY5OX2WMUW:32UTUBMZ7GW8GWJJYX6UZRFI1SIBVU,
380,,24.0,,,,,,6.231891304666601,0.0,,1394.0,,,,390.0,,success,4,,,,119.0,A3BFMY5OX2WMUW:32UTUBMZ7GW8GWJJYX6UZRFI1SIBVU,
381,,3.0,,,,,,6.75,0.0,,725.0,,,,430.0,,success,3,,,,120.0,A3BFMY5OX2WMUW:32UTUBMZ7GW8GWJJYX6UZRFI1SIBVU,
382,,4.0,,,,,,3.9877509622708662,0.0,,1505.0,,,,436.0,,success,4,,,,121.0,A3BFMY5OX2WMUW:32UTUBMZ7GW8GWJJYX6UZRFI1SIBVU,
383,,6.0,,,,,,3.965896758687329,0.0,,348.0,,,,357.0,,success,6,,,,122.0,A3BFMY5OX2WMUW:32UTUBMZ7GW8GWJJYX6UZRFI1SIBVU,
384,,25.0,,,,,,4.016576801124408,0.0,,585.0,,,,433.0,,success,5,,,,123.0,A3BFMY5OX2WMUW:32UTUBMZ7GW8GWJJYX6UZRFI1SIBVU,
385,,86.0,,,,,,6.008758088601458,0.0,,634.0,,,,384.0,,success,6,,,,124.0,A3BFMY5OX2WMUW:32UTUBMZ7GW8GWJJYX6UZRFI1SIBVU,
386,,5.0,,,,,,4.003313957179666,0.0,,56.0,,,,296.0,,success,5,,,,125.0,A3BFMY5OX2WMUW:32UTUBMZ7GW8GWJJYX6UZRFI1SIBVU,
387,,6.0,,,,,,6.33715484704934,0.0,,179.0,,,,394.0,,success,6,,,,126.0,A3BFMY5OX2WMUW:32UTUBMZ7GW8GWJJYX6UZRFI1SIBVU,
388,,23.0,,,,,,6.30978886566808,0.0,,301.0,,,,406.0,,success,3,,,,127.0,A3BFMY5OX2WMUW:32UTUBMZ7GW8GWJJYX6UZRFI1SIBVU,
389,,2.0,,,,,,3.9912055050162616,0.0,,6.0,,,,0.0,,earlyFail,2,,,,128.0,A3BFMY5OX2WMUW:32UTUBMZ7GW8GWJJYX6UZRFI1SIBVU,
390,,4.0,,,,,,0.0,0.0,,6.0,,,,0.0,,earlyFail,4,,,,129.0,A3BFMY5OX2WMUW:32UTUBMZ7GW8GWJJYX6UZRFI1SIBVU,
391,,32.0,,,,,,6.75,1197.0,,0.0,,,,0.0,,gamble,2,,,,130.0,A3BFMY5OX2WMUW:32UTUBMZ7GW8GWJJYX6UZRFI1SIBVU,
392,,25.0,,,,,,6.292887362307702,0.0,,926.0,,,,382.0,,success,5,,,,131.0,A3BFMY5OX2WMUW:32UTUBMZ7GW8GWJJYX6UZRFI1SIBVU,
393,,75.0,,,,,,4.130008809953362,0.0,,1081.0,,,,482.0,,success,5,,,,132.0,A3BFMY5OX2WMUW:32UTUBMZ7GW8GWJJYX6UZRFI1SIBVU,
394,,3.0,,,,,,1.843247888543394,0.0,,784.0,,,,562.0,,success,3,,,,133.0,A3BFMY5OX2WMUW:32UTUBMZ7GW8GWJJYX6UZRFI1SIBVU,
395,,36.0,,,,,,6.126763359690549,0.0,,1127.0,,,,406.0,,success,6,,,,134.0,A3BFMY5OX2WMUW:32UTUBMZ7GW8GWJJYX6UZRFI1SIBVU,
396,,21.0,,,,,,1.946339454610915,0.0,,1002.0,,,,216.0,,success,1,,,,135.0,A3BFMY5OX2WMUW:32UTUBMZ7GW8GWJJYX6UZRFI1SIBVU,
397,,5.0,,,,,,0.0,0.0,,1002.0,,,,457.0,,success,5,,,,136.0,A3BFMY5OX2WMUW:32UTUBMZ7GW8GWJJYX6UZRFI1SIBVU,
398,,2.0,,,,,,6.20755163416248,0.0,,788.0,,,,454.0,,success,2,,,,137.0,A3BFMY5OX2WMUW:32UTUBMZ7GW8GWJJYX6UZRFI1SIBVU,
399,,35.0,,,,,,2.0369291944855075,0.0,,686.0,,,,364.0,,success,5,,,,138.0,A3BFMY5OX2WMUW:32UTUBMZ7GW8GWJJYX6UZRFI1SIBVU,
400,,34.0,,,,,,6.75,0.0,,563.0,,,,388.0,,success,4,,,,139.0,A3BFMY5OX2WMUW:32UTUBMZ7GW8GWJJYX6UZRFI1SIBVU,
401,,1.0,,,,,,0.0,0.0,,563.0,,,,461.0,,success,1,,,,140.0,A3BFMY5OX2WMUW:32UTUBMZ7GW8GWJJYX6UZRFI1SIBVU,
402,,3.0,,,,,,0.0,0.0,,563.0,,,,265.0,,success,3,,,,141.0,A3BFMY5OX2WMUW:32UTUBMZ7GW8GWJJYX6UZRFI1SIBVU,
403,,23.0,,,,,,2.024390151589771,0.0,,857.0,,,,384.0,,success,3,,,,142.0,A3BFMY5OX2WMUW:32UTUBMZ7GW8GWJJYX6UZRFI1SIBVU,
404,,31.0,,,,,,1.8016578798527174,0.0,,946.0,,,,361.0,,success,1,,,,143.0,A3BFMY5OX2WMUW:32UTUBMZ7GW8GWJJYX6UZRFI1SIBVU,
405,,1.0,,,,,,6.216087531620456,0.0,,1059.0,,,,248.0,,success,1,,,,144.0,A3BFMY5OX2WMUW:32UTUBMZ7GW8GWJJYX6UZRFI1SIBVU,
406,,33.0,,,,,,3.8944039742306655,0.0,,509.0,,,,413.0,,success,3,,,,145.0,A3BFMY5OX2WMUW:32UTUBMZ7GW8GWJJYX6UZRFI1SIBVU,
407,,24.0,,,,,,1.883933205417035,0.0,,1696.0,,,,369.0,,success,4,,,,146.0,A3BFMY5OX2WMUW:32UTUBMZ7GW8GWJJYX6UZRFI1SIBVU,
408,,4.0,,,,,,4.0496060120639905,0.0,,1185.0,,,,399.0,,success,4,,,,147.0,A3BFMY5OX2WMUW:32UTUBMZ7GW8GWJJYX6UZRFI1SIBVU,
409,,26.0,,,,,,4.107614917918253,0.0,,1063.0,,,,402.0,,success,6,,,,148.0,A3BFMY5OX2WMUW:32UTUBMZ7GW8GWJJYX6UZRFI1SIBVU,
410,,1.0,,,,,,0.0,0.0,,1063.0,,,,0.0,,fail,1,,,,149.0,A3BFMY5OX2WMUW:32UTUBMZ7GW8GWJJYX6UZRFI1SIBVU,
411,,5.0,,,,,,6.265534147498871,0.0,,913.0,,,,393.0,,success,5,,,,150.0,A3BFMY5OX2WMUW:32UTUBMZ7GW8GWJJYX6UZRFI1SIBVU,
412,,31.0,,,,,,3.98592457927078,0.0,,738.0,,,,441.0,,success,1,,,,151.0,A3BFMY5OX2WMUW:32UTUBMZ7GW8GWJJYX6UZRFI1SIBVU,
413,,36.0,,,,,,6.75,0.0,,1036.0,,,,333.0,,success,6,,,,152.0,A3BFMY5OX2WMUW:32UTUBMZ7GW8GWJJYX6UZRFI1SIBVU,
414,,35.0,,,,,2315254.0,3.928905915344937,0.0,,579.0,,,,384.0,,success,5,,,,153.0,A3BFMY5OX2WMUW:32UTUBMZ7GW8GWJJYX6UZRFI1SIBVU,
415,,,,,,,,,,,,,,,,postquestionnaire,,,begin,,,,A3BFMY5OX2WMUW:32UTUBMZ7GW8GWJJYX6UZRFI1SIBVU,
416,2.0,,,,,,,,,,,,,,,postquestionnaire,,,submit,,,,A3BFMY5OX2WMUW:32UTUBMZ7GW8GWJJYX6UZRFI1SIBVU,
417,,,,,,5,,,,,,,,,,,,,,,,,A3BFMY5OX2WMUW:32UTUBMZ7GW8GWJJYX6UZRFI1SIBVU,
418,,,,,2,,,,,,,,,,,,,,,,,,A3BFMY5OX2WMUW:32UTUBMZ7GW8GWJJYX6UZRFI1SIBVU,
419,,,,,,,,,,,,,,10,,,,,,,,,A3BFMY5OX2WMUW:32UTUBMZ7GW8GWJJYX6UZRFI1SIBVU,
420,,,,4,,,,,,,,,,,,,,,,,,,A3BFMY5OX2WMUW:32UTUBMZ7GW8GWJJYX6UZRFI1SIBVU,
421,,,,,,,,,,1,,,,,,,,,,,,,A3BFMY5OX2WMUW:32UTUBMZ7GW8GWJJYX6UZRFI1SIBVU,
422,,,,,,,,,,,,,3,,,,,,,,,,A3BFMY5OX2WMUW:32UTUBMZ7GW8GWJJYX6UZRFI1SIBVU,
423,,,Begin,,,,,,,,,,,,,INSTRUCTIONS,,,,,"[u'instructions/instruct-1.html', u'instructions/instruct-2.html', u'instructions/instruct-3.html', u'instructions/instruct-ready.html']",,A27CNO4K5K6V5R:3WOKGM4L71GC6P7CZ5NRKIPREV3O0Y,
424,,,NextPage,,,,,,,,,0.0,,,,INSTRUCTIONS,,,,instructions/instruct-1.html,,,A27CNO4K5K6V5R:3WOKGM4L71GC6P7CZ5NRKIPREV3O0Y,1740.0
425,,,NextPage,,,,,,,,,1.0,,,,INSTRUCTIONS,,,,instructions/instruct-2.html,,,A27CNO4K5K6V5R:3WOKGM4L71GC6P7CZ5NRKIPREV3O0Y,37477.0
426,,,NextPage,,,,,,,,,2.0,,,,INSTRUCTIONS,,,,instructions/instruct-3.html,,,A27CNO4K5K6V5R:3WOKGM4L71GC6P7CZ5NRKIPREV3O0Y,6761.0
427,,,FinishInstructions,,,,,,,,,3.0,,,,INSTRUCTIONS,,,,instructions/instruct-ready.html,,,A27CNO4K5K6V5R:3WOKGM4L71GC6P7CZ5NRKIPREV3O0Y,183289.0
428,,4.0,,,,,,3.937399977665961,2198.0,,0.0,,,,0.0,,gamble,4,,,,1.0,A27CNO4K5K6V5R:3WOKGM4L71GC6P7CZ5NRKIPREV3O0Y,
429,,21.0,,,,,,6.299990361894829,5544.0,,0.0,,,,0.0,,gamble,1,,,,2.0,A27CNO4K5K6V5R:3WOKGM4L71GC6P7CZ5NRKIPREV3O0Y,
430,,75.0,,,,,,1.8833117971512743,6340.0,,0.0,,,,0.0,,gamble,5,,,,3.0,A27CNO4K5K6V5R:3WOKGM4L71GC6P7CZ5NRKIPREV3O0Y,
431,,1.0,,,,,,6.75,0.0,,3536.0,,,,0.0,,earlyFail,1,,,,4.0,A27CNO4K5K6V5R:3WOKGM4L71GC6P7CZ5NRKIPREV3O0Y,
432,,32.0,,,,,,1.9340128119125584,1792.0,,0.0,,,,0.0,,gamble,2,,,,5.0,A27CNO4K5K6V5R:3WOKGM4L71GC6P7CZ5NRKIPREV3O0Y,
433,,22.0,,,,,,1.972214617293848,10223.0,,0.0,,,,0.0,,gamble,2,,,,6.0,A27CNO4K5K6V5R:3WOKGM4L71GC6P7CZ5NRKIPREV3O0Y,
434,,24.0,,,,,,2.0280498822458446,3860.0,,0.0,,,,0.0,,gamble,4,,,,7.0,A27CNO4K5K6V5R:3WOKGM4L71GC6P7CZ5NRKIPREV3O0Y,
435,,2.0,,,,,,3.98699495667862,1545.0,,0.0,,,,0.0,,gamble,2,,,,8.0,A27CNO4K5K6V5R:3WOKGM4L71GC6P7CZ5NRKIPREV3O0Y,
436,,32.0,,,,,,2.012494672145873,1765.0,,0.0,,,,0.0,,gamble,2,,,,9.0,A27CNO4K5K6V5R:3WOKGM4L71GC6P7CZ5NRKIPREV3O0Y,
437,,86.0,,,,,,6.75,6060.0,,0.0,,,,0.0,,gamble,6,,,,10.0,A27CNO4K5K6V5R:3WOKGM4L71GC6P7CZ5NRKIPREV3O0Y,
438,,3.0,,,,,,0.0,0.0,,0.0,,,,0.0,,fail,3,,,,11.0,A27CNO4K5K6V5R:3WOKGM4L71GC6P7CZ5NRKIPREV3O0Y,
439,,2.0,,,,,,6.75,2347.0,,0.0,,,,0.0,,gamble,2,,,,12.0,A27CNO4K5K6V5R:3WOKGM4L71GC6P7CZ5NRKIPREV3O0Y,
440,,26.0,,,,,,6.258074744942559,1298.0,,0.0,,,,0.0,,gamble,6,,,,13.0,A27CNO4K5K6V5R:3WOKGM4L71GC6P7CZ5NRKIPREV3O0Y,
441,,25.0,,,,,,4.084105897420472,4990.0,,0.0,,,,0.0,,gamble,5,,,,14.0,A27CNO4K5K6V5R:3WOKGM4L71GC6P7CZ5NRKIPREV3O0Y,
442,,2.0,,,,,,2.071196390685047,1484.0,,0.0,,,,0.0,,gamble,2,,,,15.0,A27CNO4K5K6V5R:3WOKGM4L71GC6P7CZ5NRKIPREV3O0Y,
443,,6.0,,,,,,4.067231470119276,2015.0,,0.0,,,,0.0,,gamble,6,,,,16.0,A27CNO4K5K6V5R:3WOKGM4L71GC6P7CZ5NRKIPREV3O0Y,
444,,32.0,,,,,,4.005883762707268,1499.0,,0.0,,,,0.0,,gamble,2,,,,17.0,A27CNO4K5K6V5R:3WOKGM4L71GC6P7CZ5NRKIPREV3O0Y,
445,,1.0,,,,,,0.0,0.0,,0.0,,,,0.0,,earlyFail,1,,,,18.0,A27CNO4K5K6V5R:3WOKGM4L71GC6P7CZ5NRKIPREV3O0Y,
446,,24.0,,,,,,3.9368512357232857,1112.0,,0.0,,,,0.0,,gamble,4,,,,19.0,A27CNO4K5K6V5R:3WOKGM4L71GC6P7CZ5NRKIPREV3O0Y,
447,,6.0,,,,,,0.0,0.0,,0.0,,,,0.0,,fail,6,,,,20.0,A27CNO4K5K6V5R:3WOKGM4L71GC6P7CZ5NRKIPREV3O0Y,
448,,21.0,,,,,,3.8574446002761293,1245.0,,0.0,,,,0.0,,gamble,1,,,,21.0,A27CNO4K5K6V5R:3WOKGM4L71GC6P7CZ5NRKIPREV3O0Y,
449,,4.0,,,,,,6.412914895557051,2533.0,,0.0,,,,0.0,,gamble,4,,,,22.0,A27CNO4K5K6V5R:3WOKGM4L71GC6P7CZ5NRKIPREV3O0Y,
450,,35.0,,,,,,4.030515067246659,2170.0,,0.0,,,,0.0,,gamble,5,,,,23.0,A27CNO4K5K6V5R:3WOKGM4L71GC6P7CZ5NRKIPREV3O0Y,
451,,34.0,,,,,,6.75,929.0,,0.0,,,,0.0,,gamble,4,,,,24.0,A27CNO4K5K6V5R:3WOKGM4L71GC6P7CZ5NRKIPREV3O0Y,
452,,25.0,,,,,,3.977927465903998,1379.0,,0.0,,,,0.0,,gamble,5,,,,25.0,A27CNO4K5K6V5R:3WOKGM4L71GC6P7CZ5NRKIPREV3O0Y,
453,,22.0,,,,,,6.230036591967764,625.0,,0.0,,,,0.0,,gamble,2,,,,26.0,A27CNO4K5K6V5R:3WOKGM4L71GC6P7CZ5NRKIPREV3O0Y,
454,,3.0,,,,,,6.75,2822.0,,0.0,,,,0.0,,gamble,3,,,,27.0,A27CNO4K5K6V5R:3WOKGM4L71GC6P7CZ5NRKIPREV3O0Y,
455,,86.0,,,,,,2.0672646977013573,1712.0,,0.0,,,,0.0,,gamble,6,,,,28.0,A27CNO4K5K6V5R:3WOKGM4L71GC6P7CZ5NRKIPREV3O0Y,
456,,25.0,,,,,,2.122652448340598,5376.0,,0.0,,,,0.0,,gamble,5,,,,29.0,A27CNO4K5K6V5R:3WOKGM4L71GC6P7CZ5NRKIPREV3O0Y,
457,,86.0,,,,,,5.916216335189654,1954.0,,0.0,,,,0.0,,gamble,6,,,,30.0,A27CNO4K5K6V5R:3WOKGM4L71GC6P7CZ5NRKIPREV3O0Y,
458,,36.0,,,,,,6.75,1284.0,,0.0,,,,0.0,,gamble,6,,,,31.0,A27CNO4K5K6V5R:3WOKGM4L71GC6P7CZ5NRKIPREV3O0Y,
459,,1.0,,,,,,0.0,0.0,,0.0,,,,0.0,,earlyFail,1,,,,32.0,A27CNO4K5K6V5R:3WOKGM4L71GC6P7CZ5NRKIPREV3O0Y,
460,,6.0,,,,,,2.019894814156718,0.0,,2706.0,,,,0.0,,earlyFail,6,,,,33.0,A27CNO4K5K6V5R:3WOKGM4L71GC6P7CZ5NRKIPREV3O0Y,
461,,23.0,,,,,,6.212955258462057,0.0,,3846.0,,,,0.0,,earlyFail,3,,,,34.0,A27CNO4K5K6V5R:3WOKGM4L71GC6P7CZ5NRKIPREV3O0Y,
462,,32.0,,,,,,6.135401671092529,1085.0,,0.0,,,,0.0,,gamble,2,,,,35.0,A27CNO4K5K6V5R:3WOKGM4L71GC6P7CZ5NRKIPREV3O0Y,
463,,36.0,,,,,,3.916743976249066,0.0,,906.0,,,,0.0,,earlyFail,6,,,,36.0,A27CNO4K5K6V5R:3WOKGM4L71GC6P7CZ5NRKIPREV3O0Y,
464,,2.0,,,,,,0.0,0.0,,906.0,,,,385.0,,success,2,,,,37.0,A27CNO4K5K6V5R:3WOKGM4L71GC6P7CZ5NRKIPREV3O0Y,
465,,26.0,,,,,,6.0402040202685505,1119.0,,0.0,,,,0.0,,gamble,6,,,,38.0,A27CNO4K5K6V5R:3WOKGM4L71GC6P7CZ5NRKIPREV3O0Y,
466,,23.0,,,,,,1.8881331268158956,0.0,,2274.0,,,,325.0,,success,3,,,,39.0,A27CNO4K5K6V5R:3WOKGM4L71GC6P7CZ5NRKIPREV3O0Y,
467,,36.0,,,,,,3.898938600569604,1166.0,,0.0,,,,0.0,,gamble,6,,,,40.0,A27CNO4K5K6V5R:3WOKGM4L71GC6P7CZ5NRKIPREV3O0Y,
468,,35.0,,,,,,6.218927109459469,0.0,,1395.0,,,,312.0,,success,5,,,,41.0,A27CNO4K5K6V5R:3WOKGM4L71GC6P7CZ5NRKIPREV3O0Y,
469,,31.0,,,,,,3.9674659081027523,3885.0,,0.0,,,,0.0,,gamble,1,,,,42.0,A27CNO4K5K6V5R:3WOKGM4L71GC6P7CZ5NRKIPREV3O0Y,
470,,21.0,,,,,,6.75,0.0,,52177.0,,,,0.0,,earlyFail,1,,,,43.0,A27CNO4K5K6V5R:3WOKGM4L71GC6P7CZ5NRKIPREV3O0Y,
471,,35.0,,,,,,1.9686901373917094,7931.0,,0.0,,,,0.0,,gamble,5,,,,44.0,A27CNO4K5K6V5R:3WOKGM4L71GC6P7CZ5NRKIPREV3O0Y,
472,,3.0,,,,,,0.0,0.0,,0.0,,,,0.0,,fail,3,,,,45.0,A27CNO4K5K6V5R:3WOKGM4L71GC6P7CZ5NRKIPREV3O0Y,
473,,23.0,,,,,,6.3257857830819555,1764.0,,0.0,,,,0.0,,gamble,3,,,,46.0,A27CNO4K5K6V5R:3WOKGM4L71GC6P7CZ5NRKIPREV3O0Y,
474,,4.0,,,,,,2.028750907585065,0.0,,2393.0,,,,170.0,,success,4,,,,47.0,A27CNO4K5K6V5R:3WOKGM4L71GC6P7CZ5NRKIPREV3O0Y,
475,,4.0,,,,,,0.0,0.0,,2393.0,,,,249.0,,success,4,,,,48.0,A27CNO4K5K6V5R:3WOKGM4L71GC6P7CZ5NRKIPREV3O0Y,
476,,22.0,,,,,,3.9121098258726743,0.0,,2317.0,,,,189.0,,success,2,,,,49.0,A27CNO4K5K6V5R:3WOKGM4L71GC6P7CZ5NRKIPREV3O0Y,
477,,21.0,,,,,,4.043083355354144,0.0,,2356.0,,,,286.0,,success,1,,,,50.0,A27CNO4K5K6V5R:3WOKGM4L71GC6P7CZ5NRKIPREV3O0Y,
478,,26.0,,,,,,3.92615994017185,2279.0,,0.0,,,,0.0,,gamble,6,,,,51.0,A27CNO4K5K6V5R:3WOKGM4L71GC6P7CZ5NRKIPREV3O0Y,
479,,25.0,,,,,,6.75,0.0,,1712.0,,,,122.0,,success,5,,,,52.0,A27CNO4K5K6V5R:3WOKGM4L71GC6P7CZ5NRKIPREV3O0Y,
480,,34.0,,,,,,3.9998152183387954,0.0,,2083.0,,,,228.0,,success,4,,,,53.0,A27CNO4K5K6V5R:3WOKGM4L71GC6P7CZ5NRKIPREV3O0Y,
481,,31.0,,,,,,2.0150300127210126,0.0,,4616.0,,,,55.0,,success,1,,,,54.0,A27CNO4K5K6V5R:3WOKGM4L71GC6P7CZ5NRKIPREV3O0Y,
482,,6.0,,,,,,0.0,0.0,,4616.0,,,,98.0,,success,6,,,,55.0,A27CNO4K5K6V5R:3WOKGM4L71GC6P7CZ5NRKIPREV3O0Y,
483,,32.0,,,,,,6.75,0.0,,1816.0,,,,0.0,,earlyFail,2,,,,56.0,A27CNO4K5K6V5R:3WOKGM4L71GC6P7CZ5NRKIPREV3O0Y,
484,,35.0,,,,,,6.75,711.0,,0.0,,,,0.0,,gamble,5,,,,57.0,A27CNO4K5K6V5R:3WOKGM4L71GC6P7CZ5NRKIPREV3O0Y,
485,,33.0,,,,,,3.9004507154466954,2021.0,,0.0,,,,0.0,,gamble,3,,,,58.0,A27CNO4K5K6V5R:3WOKGM4L71GC6P7CZ5NRKIPREV3O0Y,
486,,5.0,,,,,,0.0,0.0,,0.0,,,,0.0,,earlyFail,5,,,,59.0,A27CNO4K5K6V5R:3WOKGM4L71GC6P7CZ5NRKIPREV3O0Y,
487,,24.0,,,,,,6.177763278976789,1256.0,,0.0,,,,0.0,,gamble,4,,,,60.0,A27CNO4K5K6V5R:3WOKGM4L71GC6P7CZ5NRKIPREV3O0Y,
488,,2.0,,,,,,0.0,0.0,,0.0,,,,152.0,,success,2,,,,61.0,A27CNO4K5K6V5R:3WOKGM4L71GC6P7CZ5NRKIPREV3O0Y,
489,,6.0,,,,,,0.0,0.0,,0.0,,,,0.0,,fail,6,,,,62.0,A27CNO4K5K6V5R:3WOKGM4L71GC6P7CZ5NRKIPREV3O0Y,
490,,3.0,,,,,,3.9230833744363656,3573.0,,0.0,,,,0.0,,gamble,3,,,,63.0,A27CNO4K5K6V5R:3WOKGM4L71GC6P7CZ5NRKIPREV3O0Y,
491,,2.0,,,,,,6.215278646124888,1514.0,,0.0,,,,0.0,,gamble,2,,,,64.0,A27CNO4K5K6V5R:3WOKGM4L71GC6P7CZ5NRKIPREV3O0Y,
492,,35.0,,,,,,2.0042464507844553,2313.0,,0.0,,,,0.0,,gamble,5,,,,65.0,A27CNO4K5K6V5R:3WOKGM4L71GC6P7CZ5NRKIPREV3O0Y,
493,,33.0,,,,,,1.9318863634108898,3878.0,,0.0,,,,0.0,,gamble,3,,,,66.0,A27CNO4K5K6V5R:3WOKGM4L71GC6P7CZ5NRKIPREV3O0Y,
494,,34.0,,,,,,6.317541096991708,1695.0,,0.0,,,,0.0,,gamble,4,,,,67.0,A27CNO4K5K6V5R:3WOKGM4L71GC6P7CZ5NRKIPREV3O0Y,
495,,34.0,,,,,,2.104174048575144,2632.0,,0.0,,,,0.0,,gamble,4,,,,68.0,A27CNO4K5K6V5R:3WOKGM4L71GC6P7CZ5NRKIPREV3O0Y,
496,,5.0,,,,,,2.003669924301175,0.0,,5495.0,,,,213.0,,success,5,,,,69.0,A27CNO4K5K6V5R:3WOKGM4L71GC6P7CZ5NRKIPREV3O0Y,
497,,31.0,,,,,,3.9695491153866063,2242.0,,0.0,,,,0.0,,gamble,1,,,,70.0,A27CNO4K5K6V5R:3WOKGM4L71GC6P7CZ5NRKIPREV3O0Y,
498,,2.0,,,,,,0.0,0.0,,0.0,,,,147.0,,success,2,,,,71.0,A27CNO4K5K6V5R:3WOKGM4L71GC6P7CZ5NRKIPREV3O0Y,
499,,31.0,,,,,,2.1048839873520593,3601.0,,0.0,,,,0.0,,gamble,1,,,,72.0,A27CNO4K5K6V5R:3WOKGM4L71GC6P7CZ5NRKIPREV3O0Y,
500,,2.0,,,,,,3.8931841001453513,0.0,,4278.0,,,,103.0,,success,2,,,,73.0,A27CNO4K5K6V5R:3WOKGM4L71GC6P7CZ5NRKIPREV3O0Y,
501,,25.0,,,,,,6.286825985575466,1977.0,,0.0,,,,0.0,,gamble,5,,,,74.0,A27CNO4K5K6V5R:3WOKGM4L71GC6P7CZ5NRKIPREV3O0Y,
502,,4.0,,,,,,6.119885211305051,21711.0,,0.0,,,,0.0,,gamble,4,,,,75.0,A27CNO4K5K6V5R:3WOKGM4L71GC6P7CZ5NRKIPREV3O0Y,
503,,3.0,,,,,,0.0,0.0,,0.0,,,,0.0,,fail,3,,,,76.0,A27CNO4K5K6V5R:3WOKGM4L71GC6P7CZ5NRKIPREV3O0Y,
504,,6.0,,,,,,4.019543423985201,2809.0,,0.0,,,,0.0,,gamble,6,,,,77.0,A27CNO4K5K6V5R:3WOKGM4L71GC6P7CZ5NRKIPREV3O0Y,
505,,5.0,,,,,,0.0,0.0,,0.0,,,,174.0,,success,5,,,,78.0,A27CNO4K5K6V5R:3WOKGM4L71GC6P7CZ5NRKIPREV3O0Y,
506,,25.0,,,,,,1.8808065585651832,4848.0,,0.0,,,,0.0,,gamble,5,,,,79.0,A27CNO4K5K6V5R:3WOKGM4L71GC6P7CZ5NRKIPREV3O0Y,
507,,34.0,,,,,,4.023133701671542,0.0,,2063.0,,,,129.0,,success,4,,,,80.0,A27CNO4K5K6V5R:3WOKGM4L71GC6P7CZ5NRKIPREV3O0Y,
508,,5.0,,,,,,4.047244123691518,2846.0,,0.0,,,,0.0,,gamble,5,,,,81.0,A27CNO4K5K6V5R:3WOKGM4L71GC6P7CZ5NRKIPREV3O0Y,
509,,1.0,,,,,,1.9302191169974228,1962.0,,0.0,,,,0.0,,gamble,1,,,,82.0,A27CNO4K5K6V5R:3WOKGM4L71GC6P7CZ5NRKIPREV3O0Y,
510,,2.0,,,,,,1.8958792847085222,2305.0,,0.0,,,,0.0,,gamble,2,,,,83.0,A27CNO4K5K6V5R:3WOKGM4L71GC6P7CZ5NRKIPREV3O0Y,
511,,36.0,,,,,,6.107950099531467,0.0,,1391.0,,,,128.0,,success,6,,,,84.0,A27CNO4K5K6V5R:3WOKGM4L71GC6P7CZ5NRKIPREV3O0Y,
512,,24.0,,,,,,6.211214102753365,1392.0,,0.0,,,,0.0,,gamble,4,,,,85.0,A27CNO4K5K6V5R:3WOKGM4L71GC6P7CZ5NRKIPREV3O0Y,
513,,3.0,,,,,,6.386792765863201,1404.0,,0.0,,,,0.0,,gamble,3,,,,86.0,A27CNO4K5K6V5R:3WOKGM4L71GC6P7CZ5NRKIPREV3O0Y,
514,,34.0,,,,,,6.388532953273103,4534.0,,0.0,,,,0.0,,gamble,4,,,,87.0,A27CNO4K5K6V5R:3WOKGM4L71GC6P7CZ5NRKIPREV3O0Y,
515,,5.0,,,,,,6.249463085786446,2104.0,,0.0,,,,0.0,,gamble,5,,,,88.0,A27CNO4K5K6V5R:3WOKGM4L71GC6P7CZ5NRKIPREV3O0Y,
516,,5.0,,,,,,6.298351618146266,2665.0,,0.0,,,,0.0,,gamble,5,,,,89.0,A27CNO4K5K6V5R:3WOKGM4L71GC6P7CZ5NRKIPREV3O0Y,
517,,26.0,,,,,,6.75,0.0,,3221.0,,,,392.0,,success,6,,,,90.0,A27CNO4K5K6V5R:3WOKGM4L71GC6P7CZ5NRKIPREV3O0Y,
518,,36.0,,,,,,6.341040660492265,2245.0,,0.0,,,,0.0,,gamble,6,,,,91.0,A27CNO4K5K6V5R:3WOKGM4L71GC6P7CZ5NRKIPREV3O0Y,
519,,24.0,,,,,,2.0129310760328907,1849.0,,0.0,,,,0.0,,gamble,4,,,,92.0,A27CNO4K5K6V5R:3WOKGM4L71GC6P7CZ5NRKIPREV3O0Y,
520,,23.0,,,,,,6.75,0.0,,1449.0,,,,112.0,,success,3,,,,93.0,A27CNO4K5K6V5R:3WOKGM4L71GC6P7CZ5NRKIPREV3O0Y,
521,,36.0,,,,,,1.850392761259046,2936.0,,0.0,,,,0.0,,gamble,6,,,,94.0,A27CNO4K5K6V5R:3WOKGM4L71GC6P7CZ5NRKIPREV3O0Y,
522,,75.0,,,,,,3.843893034214373,1375.0,,0.0,,,,0.0,,gamble,5,,,,95.0,A27CNO4K5K6V5R:3WOKGM4L71GC6P7CZ5NRKIPREV3O0Y,
523,,3.0,,,,,,2.0843457710504865,1577.0,,0.0,,,,0.0,,gamble,3,,,,96.0,A27CNO4K5K6V5R:3WOKGM4L71GC6P7CZ5NRKIPREV3O0Y,
524,,25.0,,,,,,6.318077836330636,1127.0,,0.0,,,,0.0,,gamble,5,,,,97.0,A27CNO4K5K6V5R:3WOKGM4L71GC6P7CZ5NRKIPREV3O0Y,
525,,3.0,,,,,,4.142834683056185,1257.0,,0.0,,,,0.0,,gamble,3,,,,98.0,A27CNO4K5K6V5R:3WOKGM4L71GC6P7CZ5NRKIPREV3O0Y,
526,,21.0,,,,,,1.9815984319182125,2867.0,,0.0,,,,0.0,,gamble,1,,,,99.0,A27CNO4K5K6V5R:3WOKGM4L71GC6P7CZ5NRKIPREV3O0Y,
527,,75.0,,,,,,6.04717292658434,3543.0,,0.0,,,,0.0,,gamble,5,,,,100.0,A27CNO4K5K6V5R:3WOKGM4L71GC6P7CZ5NRKIPREV3O0Y,
528,,31.0,,,,,,6.256062915717488,0.0,,1539.0,,,,110.0,,success,1,,,,101.0,A27CNO4K5K6V5R:3WOKGM4L71GC6P7CZ5NRKIPREV3O0Y,
529,,33.0,,,,,,6.276831671481353,2246.0,,0.0,,,,0.0,,gamble,3,,,,102.0,A27CNO4K5K6V5R:3WOKGM4L71GC6P7CZ5NRKIPREV3O0Y,
530,,33.0,,,,,,2.0118901538142553,2975.0,,0.0,,,,0.0,,gamble,3,,,,103.0,A27CNO4K5K6V5R:3WOKGM4L71GC6P7CZ5NRKIPREV3O0Y,
531,,23.0,,,,,,4.159279565106362,4300.0,,0.0,,,,0.0,,gamble,3,,,,104.0,A27CNO4K5K6V5R:3WOKGM4L71GC6P7CZ5NRKIPREV3O0Y,
532,,1.0,,,,,,1.9267070738243182,2471.0,,0.0,,,,0.0,,gamble,1,,,,105.0,A27CNO4K5K6V5R:3WOKGM4L71GC6P7CZ5NRKIPREV3O0Y,
533,,6.0,,,,,,1.9633556816273852,5933.0,,0.0,,,,0.0,,gamble,6,,,,106.0,A27CNO4K5K6V5R:3WOKGM4L71GC6P7CZ5NRKIPREV3O0Y,
534,,23.0,,,,,,2.0352032288827444,1394.0,,0.0,,,,0.0,,gamble,3,,,,107.0,A27CNO4K5K6V5R:3WOKGM4L71GC6P7CZ5NRKIPREV3O0Y,
535,,6.0,,,,,,6.137615755260634,1538.0,,0.0,,,,0.0,,gamble,6,,,,108.0,A27CNO4K5K6V5R:3WOKGM4L71GC6P7CZ5NRKIPREV3O0Y,
536,,6.0,,,,,,6.161139262810318,9820.0,,0.0,,,,0.0,,gamble,6,,,,109.0,A27CNO4K5K6V5R:3WOKGM4L71GC6P7CZ5NRKIPREV3O0Y,
537,,5.0,,,,,,1.9441619777795094,9506.0,,0.0,,,,0.0,,gamble,5,,,,110.0,A27CNO4K5K6V5R:3WOKGM4L71GC6P7CZ5NRKIPREV3O0Y,
538,,6.0,,,,,,6.75,111023.0,,0.0,,,,0.0,,gamble,6,,,,111.0,A27CNO4K5K6V5R:3WOKGM4L71GC6P7CZ5NRKIPREV3O0Y,
539,,26.0,,,,,,4.1174875790328604,2470.0,,0.0,,,,0.0,,gamble,6,,,,112.0,A27CNO4K5K6V5R:3WOKGM4L71GC6P7CZ5NRKIPREV3O0Y,
540,,75.0,,,,,,6.75,0.0,,2210.0,,,,209.0,,success,5,,,,113.0,A27CNO4K5K6V5R:3WOKGM4L71GC6P7CZ5NRKIPREV3O0Y,
541,,26.0,,,,,,1.91668358530786,3524.0,,0.0,,,,0.0,,gamble,6,,,,114.0,A27CNO4K5K6V5R:3WOKGM4L71GC6P7CZ5NRKIPREV3O0Y,
542,,4.0,,,,,,6.75,2702.0,,0.0,,,,0.0,,gamble,4,,,,115.0,A27CNO4K5K6V5R:3WOKGM4L71GC6P7CZ5NRKIPREV3O0Y,
543,,22.0,,,,,,2.013777840852043,38056.0,,0.0,,,,0.0,,gamble,2,,,,116.0,A27CNO4K5K6V5R:3WOKGM4L71GC6P7CZ5NRKIPREV3O0Y,
544,,24.0,,,,,,4.100112986521758,3804.0,,0.0,,,,0.0,,gamble,4,,,,117.0,A27CNO4K5K6V5R:3WOKGM4L71GC6P7CZ5NRKIPREV3O0Y,
545,,5.0,,,,,,0.0,0.0,,0.0,,,,0.0,,fail,5,,,,118.0,A27CNO4K5K6V5R:3WOKGM4L71GC6P7CZ5NRKIPREV3O0Y,
546,,22.0,,,,,,6.208035266803876,2190.0,,0.0,,,,0.0,,gamble,2,,,,119.0,A27CNO4K5K6V5R:3WOKGM4L71GC6P7CZ5NRKIPREV3O0Y,
547,,2.0,,,,,,3.9165437796318403,2518.0,,0.0,,,,0.0,,gamble,2,,,,120.0,A27CNO4K5K6V5R:3WOKGM4L71GC6P7CZ5NRKIPREV3O0Y,
548,,35.0,,,,,,3.9297066746163747,2013.0,,0.0,,,,0.0,,gamble,5,,,,121.0,A27CNO4K5K6V5R:3WOKGM4L71GC6P7CZ5NRKIPREV3O0Y,
549,,23.0,,,,,,4.018318156960712,1806.0,,0.0,,,,0.0,,gamble,3,,,,122.0,A27CNO4K5K6V5R:3WOKGM4L71GC6P7CZ5NRKIPREV3O0Y,
550,,3.0,,,,,,6.442713283882263,6675.0,,0.0,,,,0.0,,gamble,3,,,,123.0,A27CNO4K5K6V5R:3WOKGM4L71GC6P7CZ5NRKIPREV3O0Y,
551,,35.0,,,,,,6.185980708950272,4387.0,,0.0,,,,0.0,,gamble,5,,,,124.0,A27CNO4K5K6V5R:3WOKGM4L71GC6P7CZ5NRKIPREV3O0Y,
552,,26.0,,,,,,2.129265197627308,7762.0,,0.0,,,,0.0,,gamble,6,,,,125.0,A27CNO4K5K6V5R:3WOKGM4L71GC6P7CZ5NRKIPREV3O0Y,
553,,33.0,,,,,,6.159351294464187,2284.0,,0.0,,,,0.0,,gamble,3,,,,126.0,A27CNO4K5K6V5R:3WOKGM4L71GC6P7CZ5NRKIPREV3O0Y,
554,,5.0,,,,,,6.75,1180.0,,0.0,,,,0.0,,gamble,5,,,,127.0,A27CNO4K5K6V5R:3WOKGM4L71GC6P7CZ5NRKIPREV3O0Y,
555,,4.0,,,,,,4.062891954198198,3081.0,,0.0,,,,0.0,,gamble,4,,,,128.0,A27CNO4K5K6V5R:3WOKGM4L71GC6P7CZ5NRKIPREV3O0Y,
556,,32.0,,,,,,6.331034929433359,4106.0,,0.0,,,,0.0,,gamble,2,,,,129.0,A27CNO4K5K6V5R:3WOKGM4L71GC6P7CZ5NRKIPREV3O0Y,
557,,1.0,,,,,,6.172153053860017,1687.0,,0.0,,,,0.0,,gamble,1,,,,130.0,A27CNO4K5K6V5R:3WOKGM4L71GC6P7CZ5NRKIPREV3O0Y,
558,,1.0,,,,,,3.9807593103947685,0.0,,2221.0,,,,0.0,,fail,1,,,,131.0,A27CNO4K5K6V5R:3WOKGM4L71GC6P7CZ5NRKIPREV3O0Y,
559,,21.0,,,,,,2.043376982959989,5238.0,,0.0,,,,0.0,,gamble,1,,,,132.0,A27CNO4K5K6V5R:3WOKGM4L71GC6P7CZ5NRKIPREV3O0Y,
560,,86.0,,,,,,4.049625801627747,9338.0,,0.0,,,,0.0,,gamble,6,,,,133.0,A27CNO4K5K6V5R:3WOKGM4L71GC6P7CZ5NRKIPREV3O0Y,
561,,4.0,,,,,,1.8750970977197368,0.0,,6415.0,,,,170.0,,success,4,,,,134.0,A27CNO4K5K6V5R:3WOKGM4L71GC6P7CZ5NRKIPREV3O0Y,
562,,33.0,,,,,,3.9401975351760097,1641.0,,0.0,,,,0.0,,gamble,3,,,,135.0,A27CNO4K5K6V5R:3WOKGM4L71GC6P7CZ5NRKIPREV3O0Y,
563,,3.0,,,,,,1.9755920138324614,4153.0,,0.0,,,,0.0,,gamble,3,,,,136.0,A27CNO4K5K6V5R:3WOKGM4L71GC6P7CZ5NRKIPREV3O0Y,
564,,4.0,,,,,,0.0,0.0,,0.0,,,,0.0,,fail,4,,,,137.0,A27CNO4K5K6V5R:3WOKGM4L71GC6P7CZ5NRKIPREV3O0Y,
565,,24.0,,,,,,6.75,0.0,,3546.0,,,,0.0,,fail,4,,,,138.0,A27CNO4K5K6V5R:3WOKGM4L71GC6P7CZ5NRKIPREV3O0Y,
566,,4.0,,,,,,0.0,0.0,,3546.0,,,,156.0,,success,4,,,,139.0,A27CNO4K5K6V5R:3WOKGM4L71GC6P7CZ5NRKIPREV3O0Y,
567,,31.0,,,,,,6.75,1356.0,,0.0,,,,0.0,,gamble,1,,,,140.0,A27CNO4K5K6V5R:3WOKGM4L71GC6P7CZ5NRKIPREV3O0Y,
568,,21.0,,,,,,6.059943515554579,0.0,,14163.0,,,,0.0,,fail,1,,,,141.0,A27CNO4K5K6V5R:3WOKGM4L71GC6P7CZ5NRKIPREV3O0Y,
569,,1.0,,,,,,0.0,0.0,,14163.0,,,,0.0,,fail,1,,,,142.0,A27CNO4K5K6V5R:3WOKGM4L71GC6P7CZ5NRKIPREV3O0Y,
570,,5.0,,,,,,4.078516559812602,2831.0,,0.0,,,,0.0,,gamble,5,,,,143.0,A27CNO4K5K6V5R:3WOKGM4L71GC6P7CZ5NRKIPREV3O0Y,
571,,22.0,,,,,,3.9826451962219602,0.0,,1473.0,,,,67.0,,success,2,,,,144.0,A27CNO4K5K6V5R:3WOKGM4L71GC6P7CZ5NRKIPREV3O0Y,
572,,31.0,,,,,,6.192561204666713,1645.0,,0.0,,,,0.0,,gamble,1,,,,145.0,A27CNO4K5K6V5R:3WOKGM4L71GC6P7CZ5NRKIPREV3O0Y,
573,,36.0,,,,,,2.1372516805413015,6131.0,,0.0,,,,0.0,,gamble,6,,,,146.0,A27CNO4K5K6V5R:3WOKGM4L71GC6P7CZ5NRKIPREV3O0Y,
574,,32.0,,,,,,4.003747897174412,6729.0,,0.0,,,,0.0,,gamble,2,,,,147.0,A27CNO4K5K6V5R:3WOKGM4L71GC6P7CZ5NRKIPREV3O0Y,
575,,33.0,,,,,,6.75,1495.0,,0.0,,,,0.0,,gamble,3,,,,148.0,A27CNO4K5K6V5R:3WOKGM4L71GC6P7CZ5NRKIPREV3O0Y,
576,,1.0,,,,,,3.988815183666505,2029.0,,0.0,,,,0.0,,gamble,1,,,,149.0,A27CNO4K5K6V5R:3WOKGM4L71GC6P7CZ5NRKIPREV3O0Y,
577,,34.0,,,,,,2.0411139981298994,0.0,,8061.0,,,,295.0,,success,4,,,,150.0,A27CNO4K5K6V5R:3WOKGM4L71GC6P7CZ5NRKIPREV3O0Y,
578,,1.0,,,,,,6.296792691229377,1219.0,,0.0,,,,0.0,,gamble,1,,,,151.0,A27CNO4K5K6V5R:3WOKGM4L71GC6P7CZ5NRKIPREV3O0Y,
579,,2.0,,,,,,6.140415845929195,7617.0,,0.0,,,,0.0,,gamble,2,,,,152.0,A27CNO4K5K6V5R:3WOKGM4L71GC6P7CZ5NRKIPREV3O0Y,
580,,22.0,,,,,2931711.0,6.75,1632.0,,0.0,,,,0.0,,gamble,2,,,,153.0,A27CNO4K5K6V5R:3WOKGM4L71GC6P7CZ5NRKIPREV3O0Y,
581,,,,,,,,,,,,,,,,postquestionnaire,,,begin,,,,A27CNO4K5K6V5R:3WOKGM4L71GC6P7CZ5NRKIPREV3O0Y,
582,,,,,,,,,,,,,,,,postquestionnaire,,,begin,,,,A27CNO4K5K6V5R:3WOKGM4L71GC6P7CZ5NRKIPREV3O0Y,
583,4.0,,,,,,,,,,,,,,,postquestionnaire,,,submit,,,,A27CNO4K5K6V5R:3WOKGM4L71GC6P7CZ5NRKIPREV3O0Y,
584,,,,,,10,,,,,,,,,,,,,,,,,A27CNO4K5K6V5R:3WOKGM4L71GC6P7CZ5NRKIPREV3O0Y,
585,,,,,3,,,,,,,,,,,,,,,,,,A27CNO4K5K6V5R:3WOKGM4L71GC6P7CZ5NRKIPREV3O0Y,
586,,,,,,,,,,,,,,7,,,,,,,,,A27CNO4K5K6V5R:3WOKGM4L71GC6P7CZ5NRKIPREV3O0Y,
587,,,,4,,,,,,,,,,,,,,,,,,,A27CNO4K5K6V5R:3WOKGM4L71GC6P7CZ5NRKIPREV3O0Y,
588,,,,,,,,,,1,,,,,,,,,,,,,A27CNO4K5K6V5R:3WOKGM4L71GC6P7CZ5NRKIPREV3O0Y,
589,,,,,,,,,,,,,4,,,,,,,,,,A27CNO4K5K6V5R:3WOKGM4L71GC6P7CZ5NRKIPREV3O0Y,
