,BonusAmount,Trialid,action,design,difficulty,engagement,expTime,gambleDelay,gambleRT,indexOf,length,outcomeRT,phase,response,standardGamble,status,template,templates,trialNumber,uniqueid,viewTime
0,,,Begin,,,,,,,,,,INSTRUCTIONS,,,,,"[u'instructions/instruct-1.html', u'instructions/instruct-2.html', u'instructions/instruct-3.html', u'instructions/instruct-ready.html']",,debugWSPDNF:debug0J0J69,
1,,,NextPage,,,,,,,0.0,,,INSTRUCTIONS,,,,instructions/instruct-1.html,,,debugWSPDNF:debug0J0J69,1040.0
2,,,NextPage,,,,,,,1.0,,,INSTRUCTIONS,,,,instructions/instruct-2.html,,,debugWSPDNF:debug0J0J69,1315.0
3,,,NextPage,,,,,,,2.0,,,INSTRUCTIONS,,,,instructions/instruct-3.html,,,debugWSPDNF:debug0J0J69,1526.0
4,,,FinishInstructions,,,,,,,3.0,,,INSTRUCTIONS,,,,instructions/instruct-ready.html,,,debugWSPDNF:debug0J0J69,914.0
5,,3.0,,,,,,0.0,0.0,,,253.0,,success,3,,,,1.0,debugWSPDNF:debug0J0J69,
6,,22.0,,,,,,4262.650571528463,0.0,,,311.0,,success,2,,,,2.0,debugWSPDNF:debug0J0J69,
7,,6.0,,,,,,6729.1907195163285,0.0,,,171.0,,success,6,,,,3.0,debugWSPDNF:debug0J0J69,
8,,35.0,,,,,,1840.7114241973072,0.0,,,0.0,,earlyFail,5,,,,4.0,debugWSPDNF:debug0J0J69,
9,,3.0,,,,,,6692.346270561525,713.0,,,0.0,,gamble,3,,,,5.0,debugWSPDNF:debug0J0J69,
10,,,,,,,,,,,,,postquestionnaire,,,begin,,,,debugWSPDNF:debug0J0J69,
11,2.0,,,,,,,,,,,,postquestionnaire,,,submit,,,,debugWSPDNF:debug0J0J69,
12,,,,,,debugWSPDNF:debug0J0J69,,,,,,,,,,,,,,,
13,,,,,debugWSPDNF:debug0J0J69,,,,,,,,,,,,,,,,
14,,,,,,,,,,,debugWSPDNF:debug0J0J69,,,,,,,,,,
15,,,,debugWSPDNF:debug0J0J69,,,,,,,,,,,,,,,,,
16,,,Begin,,,,,,,,,,INSTRUCTIONS,,,,,"[u'instructions/instruct-1.html', u'instructions/instruct-2.html', u'instructions/instruct-3.html', u'instructions/instruct-ready.html']",,A1CSDIX05PK9V:3GM6G9ZBKNXPMVJRKRWOCP2Q6CUMT2,
17,,,NextPage,,,,,,,0.0,,,INSTRUCTIONS,,,,instructions/instruct-1.html,,,A1CSDIX05PK9V:3GM6G9ZBKNXPMVJRKRWOCP2Q6CUMT2,24047.0
18,,,NextPage,,,,,,,1.0,,,INSTRUCTIONS,,,,instructions/instruct-2.html,,,A1CSDIX05PK9V:3GM6G9ZBKNXPMVJRKRWOCP2Q6CUMT2,18220.0
19,,,NextPage,,,,,,,2.0,,,INSTRUCTIONS,,,,instructions/instruct-3.html,,,A1CSDIX05PK9V:3GM6G9ZBKNXPMVJRKRWOCP2Q6CUMT2,21616.0
20,,,FinishInstructions,,,,,,,3.0,,,INSTRUCTIONS,,,,instructions/instruct-ready.html,,,A1CSDIX05PK9V:3GM6G9ZBKNXPMVJRKRWOCP2Q6CUMT2,22423.0
21,,5.0,,,,,,0.0,0.0,,,358.0,,success,5,,,,1.0,A1CSDIX05PK9V:3GM6G9ZBKNXPMVJRKRWOCP2Q6CUMT2,
22,,2.0,,,,,,1667.5508853102892,825.0,,,0.0,,gamble,2,,,,2.0,A1CSDIX05PK9V:3GM6G9ZBKNXPMVJRKRWOCP2Q6CUMT2,
23,,5.0,,,,,,1703.038601381954,0.0,,,0.0,,earlyFail,5,,,,3.0,A1CSDIX05PK9V:3GM6G9ZBKNXPMVJRKRWOCP2Q6CUMT2,
24,,5.0,,,,,,4301.757727790707,672.0,,,0.0,,gamble,5,,,,4.0,A1CSDIX05PK9V:3GM6G9ZBKNXPMVJRKRWOCP2Q6CUMT2,
25,,6.0,,,,,,1649.4133334171192,917.0,,,0.0,,gamble,6,,,,5.0,A1CSDIX05PK9V:3GM6G9ZBKNXPMVJRKRWOCP2Q6CUMT2,
26,,33.0,,,,,,4219.851406116396,683.0,,,0.0,,gamble,3,,,,6.0,A1CSDIX05PK9V:3GM6G9ZBKNXPMVJRKRWOCP2Q6CUMT2,
27,,36.0,,,,,,1654.225857934843,688.0,,,0.0,,gamble,6,,,,7.0,A1CSDIX05PK9V:3GM6G9ZBKNXPMVJRKRWOCP2Q6CUMT2,
28,,21.0,,,,,,4340.249575777779,0.0,,,364.0,,success,1,,,,8.0,A1CSDIX05PK9V:3GM6G9ZBKNXPMVJRKRWOCP2Q6CUMT2,
29,,3.0,,,,,,0.0,0.0,,,469.0,,success,3,,,,9.0,A1CSDIX05PK9V:3GM6G9ZBKNXPMVJRKRWOCP2Q6CUMT2,
30,,4.0,,,,,,0.0,0.0,,,629.0,,success,4,,,,10.0,A1CSDIX05PK9V:3GM6G9ZBKNXPMVJRKRWOCP2Q6CUMT2,
31,,23.0,,,,,,4213.481914343615,0.0,,,0.0,,fail,3,,,,11.0,A1CSDIX05PK9V:3GM6G9ZBKNXPMVJRKRWOCP2Q6CUMT2,
32,,1.0,,,,,,0.0,0.0,,,365.0,,success,1,,,,12.0,A1CSDIX05PK9V:3GM6G9ZBKNXPMVJRKRWOCP2Q6CUMT2,
33,,2.0,,,,,,6659.647612358839,761.0,,,0.0,,gamble,2,,,,13.0,A1CSDIX05PK9V:3GM6G9ZBKNXPMVJRKRWOCP2Q6CUMT2,
34,,22.0,,,,,,6634.791632655584,0.0,,,340.0,,success,2,,,,14.0,A1CSDIX05PK9V:3GM6G9ZBKNXPMVJRKRWOCP2Q6CUMT2,
35,,6.0,,,,,,4108.713704267936,562.0,,,0.0,,gamble,6,,,,15.0,A1CSDIX05PK9V:3GM6G9ZBKNXPMVJRKRWOCP2Q6CUMT2,
36,,3.0,,,,,,4471.651130463684,526.0,,,0.0,,gamble,3,,,,16.0,A1CSDIX05PK9V:3GM6G9ZBKNXPMVJRKRWOCP2Q6CUMT2,
37,,75.0,,,,,,1896.460291460667,646.0,,,0.0,,gamble,5,,,,17.0,A1CSDIX05PK9V:3GM6G9ZBKNXPMVJRKRWOCP2Q6CUMT2,
38,,32.0,,,,,,4344.0801697450715,861.0,,,0.0,,gamble,2,,,,18.0,A1CSDIX05PK9V:3GM6G9ZBKNXPMVJRKRWOCP2Q6CUMT2,
39,,6.0,,,,,,0.0,0.0,,,433.0,,success,6,,,,19.0,A1CSDIX05PK9V:3GM6G9ZBKNXPMVJRKRWOCP2Q6CUMT2,
40,,21.0,,,,,,1883.7231602774837,0.0,,,476.0,,success,1,,,,20.0,A1CSDIX05PK9V:3GM6G9ZBKNXPMVJRKRWOCP2Q6CUMT2,
41,,2.0,,,,,,0.0,0.0,,,406.0,,success,2,,,,21.0,A1CSDIX05PK9V:3GM6G9ZBKNXPMVJRKRWOCP2Q6CUMT2,
42,,32.0,,,,,,6750.0,595.0,,,0.0,,gamble,2,,,,22.0,A1CSDIX05PK9V:3GM6G9ZBKNXPMVJRKRWOCP2Q6CUMT2,
43,,34.0,,,,,,6750.0,0.0,,,0.0,,earlyFail,4,,,,23.0,A1CSDIX05PK9V:3GM6G9ZBKNXPMVJRKRWOCP2Q6CUMT2,
44,,23.0,,,,,,1862.0231475757028,0.0,,,443.0,,success,3,,,,24.0,A1CSDIX05PK9V:3GM6G9ZBKNXPMVJRKRWOCP2Q6CUMT2,
45,,25.0,,,,,,6750.0,0.0,,,713.0,,success,5,,,,25.0,A1CSDIX05PK9V:3GM6G9ZBKNXPMVJRKRWOCP2Q6CUMT2,
46,,24.0,,,,,,6579.331358497931,0.0,,,47.0,,success,4,,,,26.0,A1CSDIX05PK9V:3GM6G9ZBKNXPMVJRKRWOCP2Q6CUMT2,
47,,31.0,,,,,,4175.961245828747,0.0,,,0.0,,earlyFail,1,,,,27.0,A1CSDIX05PK9V:3GM6G9ZBKNXPMVJRKRWOCP2Q6CUMT2,
48,,4.0,,,,,,1750.2137124679846,0.0,,,484.0,,success,4,,,,28.0,A1CSDIX05PK9V:3GM6G9ZBKNXPMVJRKRWOCP2Q6CUMT2,
49,,33.0,,,,,,6750.0,0.0,,,0.0,,fail,3,,,,29.0,A1CSDIX05PK9V:3GM6G9ZBKNXPMVJRKRWOCP2Q6CUMT2,
50,,2.0,,,,,,4297.837410367675,0.0,,,0.0,,earlyFail,2,,,,30.0,A1CSDIX05PK9V:3GM6G9ZBKNXPMVJRKRWOCP2Q6CUMT2,
51,,5.0,,,,,,0.0,0.0,,,403.0,,success,5,,,,31.0,A1CSDIX05PK9V:3GM6G9ZBKNXPMVJRKRWOCP2Q6CUMT2,
52,,1.0,,,,,,0.0,0.0,,,428.0,,success,1,,,,32.0,A1CSDIX05PK9V:3GM6G9ZBKNXPMVJRKRWOCP2Q6CUMT2,
53,,34.0,,,,,,4193.138278812144,547.0,,,0.0,,gamble,4,,,,33.0,A1CSDIX05PK9V:3GM6G9ZBKNXPMVJRKRWOCP2Q6CUMT2,
54,,1.0,,,,,,4311.05406282491,573.0,,,0.0,,gamble,1,,,,34.0,A1CSDIX05PK9V:3GM6G9ZBKNXPMVJRKRWOCP2Q6CUMT2,
55,,35.0,,,,,,1773.4511650769334,929.0,,,0.0,,gamble,5,,,,35.0,A1CSDIX05PK9V:3GM6G9ZBKNXPMVJRKRWOCP2Q6CUMT2,
56,,1.0,,,,,,6750.0,663.0,,,0.0,,gamble,1,,,,36.0,A1CSDIX05PK9V:3GM6G9ZBKNXPMVJRKRWOCP2Q6CUMT2,
57,,1.0,,,,,,0.0,0.0,,,412.0,,success,1,,,,37.0,A1CSDIX05PK9V:3GM6G9ZBKNXPMVJRKRWOCP2Q6CUMT2,
58,,6.0,,,,,,0.0,0.0,,,517.0,,success,6,,,,38.0,A1CSDIX05PK9V:3GM6G9ZBKNXPMVJRKRWOCP2Q6CUMT2,
59,,25.0,,,,,,1768.9854199275767,0.0,,,607.0,,success,5,,,,39.0,A1CSDIX05PK9V:3GM6G9ZBKNXPMVJRKRWOCP2Q6CUMT2,
60,,6.0,,,,,,4301.93886841507,0.0,,,0.0,,earlyFail,6,,,,40.0,A1CSDIX05PK9V:3GM6G9ZBKNXPMVJRKRWOCP2Q6CUMT2,
61,,23.0,,,,,,6750.0,791.0,,,0.0,,gamble,3,,,,41.0,A1CSDIX05PK9V:3GM6G9ZBKNXPMVJRKRWOCP2Q6CUMT2,
62,,3.0,,,,,,1764.129553798596,0.0,,,467.0,,success,3,,,,42.0,A1CSDIX05PK9V:3GM6G9ZBKNXPMVJRKRWOCP2Q6CUMT2,
63,,24.0,,,,,,1686.493490601027,0.0,,,430.0,,success,4,,,,43.0,A1CSDIX05PK9V:3GM6G9ZBKNXPMVJRKRWOCP2Q6CUMT2,
64,,24.0,,,,,,4307.39183848473,0.0,,,633.0,,success,4,,,,44.0,A1CSDIX05PK9V:3GM6G9ZBKNXPMVJRKRWOCP2Q6CUMT2,
65,,26.0,,,,,,4276.105685145341,0.0,,,457.0,,success,6,,,,45.0,A1CSDIX05PK9V:3GM6G9ZBKNXPMVJRKRWOCP2Q6CUMT2,
66,,5.0,,,,,,6742.047060027562,807.0,,,0.0,,gamble,5,,,,46.0,A1CSDIX05PK9V:3GM6G9ZBKNXPMVJRKRWOCP2Q6CUMT2,
67,,4.0,,,,,,4270.671396768016,919.0,,,0.0,,gamble,4,,,,47.0,A1CSDIX05PK9V:3GM6G9ZBKNXPMVJRKRWOCP2Q6CUMT2,
68,,5.0,,,,,,1696.6955554147655,837.0,,,0.0,,gamble,5,,,,48.0,A1CSDIX05PK9V:3GM6G9ZBKNXPMVJRKRWOCP2Q6CUMT2,
69,,2.0,,,,,,0.0,0.0,,,621.0,,success,2,,,,49.0,A1CSDIX05PK9V:3GM6G9ZBKNXPMVJRKRWOCP2Q6CUMT2,
70,,5.0,,,,,,4166.383169820188,629.0,,,0.0,,gamble,5,,,,50.0,A1CSDIX05PK9V:3GM6G9ZBKNXPMVJRKRWOCP2Q6CUMT2,
71,,3.0,,,,,,1653.0686992630813,0.0,,,0.0,,earlyFail,3,,,,51.0,A1CSDIX05PK9V:3GM6G9ZBKNXPMVJRKRWOCP2Q6CUMT2,
72,,4.0,,,,,,4167.014925704899,951.0,,,0.0,,gamble,4,,,,52.0,A1CSDIX05PK9V:3GM6G9ZBKNXPMVJRKRWOCP2Q6CUMT2,
73,,22.0,,,,,,1776.1192034754815,0.0,,,487.0,,success,2,,,,53.0,A1CSDIX05PK9V:3GM6G9ZBKNXPMVJRKRWOCP2Q6CUMT2,
74,,34.0,,,,,,1760.3902119663103,940.0,,,0.0,,gamble,4,,,,54.0,A1CSDIX05PK9V:3GM6G9ZBKNXPMVJRKRWOCP2Q6CUMT2,
75,,2.0,,,,,,4169.532375788513,636.0,,,0.0,,gamble,2,,,,55.0,A1CSDIX05PK9V:3GM6G9ZBKNXPMVJRKRWOCP2Q6CUMT2,
76,,5.0,,,,,,6750.0,719.0,,,0.0,,gamble,5,,,,56.0,A1CSDIX05PK9V:3GM6G9ZBKNXPMVJRKRWOCP2Q6CUMT2,
77,,3.0,,,,,,4143.873906673049,725.0,,,0.0,,gamble,3,,,,57.0,A1CSDIX05PK9V:3GM6G9ZBKNXPMVJRKRWOCP2Q6CUMT2,
78,,4.0,,,,,,0.0,0.0,,,380.0,,success,4,,,,58.0,A1CSDIX05PK9V:3GM6G9ZBKNXPMVJRKRWOCP2Q6CUMT2,
79,,2.0,,,,,,3994.4965329688957,996.0,,,0.0,,gamble,2,,,,59.0,A1CSDIX05PK9V:3GM6G9ZBKNXPMVJRKRWOCP2Q6CUMT2,
80,,86.0,,,,,,1981.4096915114371,0.0,,,0.0,,earlyFail,6,,,,60.0,A1CSDIX05PK9V:3GM6G9ZBKNXPMVJRKRWOCP2Q6CUMT2,
81,,5.0,,,,,,0.0,0.0,,,381.0,,success,5,,,,61.0,A1CSDIX05PK9V:3GM6G9ZBKNXPMVJRKRWOCP2Q6CUMT2,
82,,3.0,,,,,,6750.0,590.0,,,0.0,,gamble,3,,,,62.0,A1CSDIX05PK9V:3GM6G9ZBKNXPMVJRKRWOCP2Q6CUMT2,
83,,4.0,,,,,,0.0,0.0,,,414.0,,success,4,,,,63.0,A1CSDIX05PK9V:3GM6G9ZBKNXPMVJRKRWOCP2Q6CUMT2,
84,,25.0,,,,,,4297.102540451488,0.0,,,0.0,,earlyFail,5,,,,64.0,A1CSDIX05PK9V:3GM6G9ZBKNXPMVJRKRWOCP2Q6CUMT2,
85,,35.0,,,,,,4286.395437200725,598.0,,,0.0,,gamble,5,,,,65.0,A1CSDIX05PK9V:3GM6G9ZBKNXPMVJRKRWOCP2Q6CUMT2,
86,,21.0,,,,,,6737.123152477614,603.0,,,0.0,,gamble,1,,,,66.0,A1CSDIX05PK9V:3GM6G9ZBKNXPMVJRKRWOCP2Q6CUMT2,
87,,3.0,,,,,,0.0,0.0,,,414.0,,success,3,,,,67.0,A1CSDIX05PK9V:3GM6G9ZBKNXPMVJRKRWOCP2Q6CUMT2,
88,,2.0,,,,,,0.0,0.0,,,428.0,,success,2,,,,68.0,A1CSDIX05PK9V:3GM6G9ZBKNXPMVJRKRWOCP2Q6CUMT2,
89,,6.0,,,,,,1861.6512150933063,0.0,,,0.0,,earlyFail,6,,,,69.0,A1CSDIX05PK9V:3GM6G9ZBKNXPMVJRKRWOCP2Q6CUMT2,
90,,36.0,,,,,,4262.502443907224,518.0,,,0.0,,gamble,6,,,,70.0,A1CSDIX05PK9V:3GM6G9ZBKNXPMVJRKRWOCP2Q6CUMT2,
91,,31.0,,,,,,6750.0,605.0,,,0.0,,gamble,1,,,,71.0,A1CSDIX05PK9V:3GM6G9ZBKNXPMVJRKRWOCP2Q6CUMT2,
92,,33.0,,,,,,1702.5723545002713,649.0,,,0.0,,gamble,3,,,,72.0,A1CSDIX05PK9V:3GM6G9ZBKNXPMVJRKRWOCP2Q6CUMT2,
93,,2.0,,,,,,6750.0,663.0,,,0.0,,gamble,2,,,,73.0,A1CSDIX05PK9V:3GM6G9ZBKNXPMVJRKRWOCP2Q6CUMT2,
94,,6.0,,,,,,6750.0,520.0,,,0.0,,gamble,6,,,,74.0,A1CSDIX05PK9V:3GM6G9ZBKNXPMVJRKRWOCP2Q6CUMT2,
95,,3.0,,,,,,6750.0,447.0,,,0.0,,gamble,3,,,,75.0,A1CSDIX05PK9V:3GM6G9ZBKNXPMVJRKRWOCP2Q6CUMT2,
96,,1.0,,,,,,1680.3308546964165,0.0,,,426.0,,success,1,,,,76.0,A1CSDIX05PK9V:3GM6G9ZBKNXPMVJRKRWOCP2Q6CUMT2,
97,,32.0,,,,,,1871.2321271923215,0.0,,,0.0,,earlyFail,2,,,,77.0,A1CSDIX05PK9V:3GM6G9ZBKNXPMVJRKRWOCP2Q6CUMT2,
98,,26.0,,,,,,1907.8949990983072,0.0,,,0.0,,earlyFail,6,,,,78.0,A1CSDIX05PK9V:3GM6G9ZBKNXPMVJRKRWOCP2Q6CUMT2,
99,,3.0,,,,,,0.0,0.0,,,0.0,,fail,3,,,,79.0,A1CSDIX05PK9V:3GM6G9ZBKNXPMVJRKRWOCP2Q6CUMT2,
100,,31.0,,,,,,1710.634687353143,0.0,,,0.0,,earlyFail,1,,,,80.0,A1CSDIX05PK9V:3GM6G9ZBKNXPMVJRKRWOCP2Q6CUMT2,
101,,4.0,,,,,,6750.0,568.0,,,0.0,,gamble,4,,,,81.0,A1CSDIX05PK9V:3GM6G9ZBKNXPMVJRKRWOCP2Q6CUMT2,
102,,1.0,,,,,,4345.4031679474365,0.0,,,0.0,,earlyFail,1,,,,82.0,A1CSDIX05PK9V:3GM6G9ZBKNXPMVJRKRWOCP2Q6CUMT2,
103,,6.0,,,,,,6750.0,623.0,,,0.0,,gamble,6,,,,83.0,A1CSDIX05PK9V:3GM6G9ZBKNXPMVJRKRWOCP2Q6CUMT2,
104,,2.0,,,,,,1774.7910859273743,959.0,,,0.0,,gamble,2,,,,84.0,A1CSDIX05PK9V:3GM6G9ZBKNXPMVJRKRWOCP2Q6CUMT2,
105,,26.0,,,,,,6726.539846468526,439.0,,,0.0,,gamble,6,,,,85.0,A1CSDIX05PK9V:3GM6G9ZBKNXPMVJRKRWOCP2Q6CUMT2,
106,,35.0,,,,,,6750.0,511.0,,,0.0,,gamble,5,,,,86.0,A1CSDIX05PK9V:3GM6G9ZBKNXPMVJRKRWOCP2Q6CUMT2,
107,,22.0,,,,,,4162.07152190953,851.0,,,0.0,,gamble,2,,,,87.0,A1CSDIX05PK9V:3GM6G9ZBKNXPMVJRKRWOCP2Q6CUMT2,
108,,6.0,,,,,,0.0,0.0,,,510.0,,success,6,,,,88.0,A1CSDIX05PK9V:3GM6G9ZBKNXPMVJRKRWOCP2Q6CUMT2,
109,,36.0,,,,,,6750.0,602.0,,,0.0,,gamble,6,,,,89.0,A1CSDIX05PK9V:3GM6G9ZBKNXPMVJRKRWOCP2Q6CUMT2,
110,,1.0,,,,,,1689.40306633944,0.0,,,0.0,,earlyFail,1,,,,90.0,A1CSDIX05PK9V:3GM6G9ZBKNXPMVJRKRWOCP2Q6CUMT2,
111,,1.0,,,,,,6701.149964743773,790.0,,,0.0,,gamble,1,,,,91.0,A1CSDIX05PK9V:3GM6G9ZBKNXPMVJRKRWOCP2Q6CUMT2,
112,,4.0,,,,,,1761.9383590800994,796.0,,,0.0,,gamble,4,,,,92.0,A1CSDIX05PK9V:3GM6G9ZBKNXPMVJRKRWOCP2Q6CUMT2,
113,,4.0,,,,,1559586.0,6608.324818353085,534.0,,,0.0,,gamble,4,,,,93.0,A1CSDIX05PK9V:3GM6G9ZBKNXPMVJRKRWOCP2Q6CUMT2,
114,,,,,,,,,,,,,postquestionnaire,,,begin,,,,A1CSDIX05PK9V:3GM6G9ZBKNXPMVJRKRWOCP2Q6CUMT2,
115,,,,,,,,,,,,,postquestionnaire,,,begin,,,,A1CSDIX05PK9V:3GM6G9ZBKNXPMVJRKRWOCP2Q6CUMT2,
116,4.0,,,,,,,,,,,,postquestionnaire,,,submit,,,,A1CSDIX05PK9V:3GM6G9ZBKNXPMVJRKRWOCP2Q6CUMT2,
117,,,,,,A1CSDIX05PK9V:3GM6G9ZBKNXPMVJRKRWOCP2Q6CUMT2,,,,,,,,,,,,,,,
118,,,,,A1CSDIX05PK9V:3GM6G9ZBKNXPMVJRKRWOCP2Q6CUMT2,,,,,,,,,,,,,,,,
119,,,,,,,,,,,A1CSDIX05PK9V:3GM6G9ZBKNXPMVJRKRWOCP2Q6CUMT2,,,,,,,,,,
120,,,,A1CSDIX05PK9V:3GM6G9ZBKNXPMVJRKRWOCP2Q6CUMT2,,,,,,,,,,,,,,,,,
121,,,Begin,,,,,,,,,,INSTRUCTIONS,,,,,"[u'instructions/instruct-1.html', u'instructions/instruct-2.html', u'instructions/instruct-3.html', u'instructions/instruct-ready.html']",,A1G187YBG0DVMQ:3WETL7AQWT8MF70RDD9BDAN6QIR53E,
122,,,NextPage,,,,,,,0.0,,,INSTRUCTIONS,,,,instructions/instruct-1.html,,,A1G187YBG0DVMQ:3WETL7AQWT8MF70RDD9BDAN6QIR53E,65329.0
123,,,NextPage,,,,,,,1.0,,,INSTRUCTIONS,,,,instructions/instruct-2.html,,,A1G187YBG0DVMQ:3WETL7AQWT8MF70RDD9BDAN6QIR53E,16287.0
124,,,NextPage,,,,,,,2.0,,,INSTRUCTIONS,,,,instructions/instruct-3.html,,,A1G187YBG0DVMQ:3WETL7AQWT8MF70RDD9BDAN6QIR53E,43278.0
125,,,FinishInstructions,,,,,,,3.0,,,INSTRUCTIONS,,,,instructions/instruct-ready.html,,,A1G187YBG0DVMQ:3WETL7AQWT8MF70RDD9BDAN6QIR53E,28375.0
126,,5.0,,,,,,0.0,0.0,,,552.0,,success,5,,,,1.0,A1G187YBG0DVMQ:3WETL7AQWT8MF70RDD9BDAN6QIR53E,
127,,36.0,,,,,,1817.9433384244933,569.0,,,0.0,,gamble,6,,,,2.0,A1G187YBG0DVMQ:3WETL7AQWT8MF70RDD9BDAN6QIR53E,
128,,36.0,,,,,,6745.123055755725,593.0,,,0.0,,gamble,6,,,,3.0,A1G187YBG0DVMQ:3WETL7AQWT8MF70RDD9BDAN6QIR53E,
129,,6.0,,,,,,0.0,0.0,,,605.0,,success,6,,,,4.0,A1G187YBG0DVMQ:3WETL7AQWT8MF70RDD9BDAN6QIR53E,
130,,21.0,,,,,,6750.0,0.0,,,568.0,,success,1,,,,5.0,A1G187YBG0DVMQ:3WETL7AQWT8MF70RDD9BDAN6QIR53E,
131,,4.0,,,,,,4272.752663727974,624.0,,,0.0,,gamble,4,,,,6.0,A1G187YBG0DVMQ:3WETL7AQWT8MF70RDD9BDAN6QIR53E,
132,,32.0,,,,,,1802.3250969791532,791.0,,,0.0,,gamble,2,,,,7.0,A1G187YBG0DVMQ:3WETL7AQWT8MF70RDD9BDAN6QIR53E,
133,,1.0,,,,,,4236.34539810018,580.0,,,0.0,,gamble,1,,,,8.0,A1G187YBG0DVMQ:3WETL7AQWT8MF70RDD9BDAN6QIR53E,
134,,23.0,,,,,,1782.294602133111,0.0,,,457.0,,success,3,,,,9.0,A1G187YBG0DVMQ:3WETL7AQWT8MF70RDD9BDAN6QIR53E,
135,,1.0,,,,,,6649.575701598268,0.0,,,498.0,,success,1,,,,10.0,A1G187YBG0DVMQ:3WETL7AQWT8MF70RDD9BDAN6QIR53E,
136,,1.0,,,,,,6695.186173751122,0.0,,,463.0,,success,1,,,,11.0,A1G187YBG0DVMQ:3WETL7AQWT8MF70RDD9BDAN6QIR53E,
137,,2.0,,,,,,6750.0,0.0,,,533.0,,success,2,,,,12.0,A1G187YBG0DVMQ:3WETL7AQWT8MF70RDD9BDAN6QIR53E,
138,,34.0,,,,,,4376.827827910028,513.0,,,0.0,,gamble,4,,,,13.0,A1G187YBG0DVMQ:3WETL7AQWT8MF70RDD9BDAN6QIR53E,
139,,35.0,,,,,,4174.238053068134,572.0,,,0.0,,gamble,5,,,,14.0,A1G187YBG0DVMQ:3WETL7AQWT8MF70RDD9BDAN6QIR53E,
140,,5.0,,,,,,6728.813513215588,0.0,,,508.0,,success,5,,,,15.0,A1G187YBG0DVMQ:3WETL7AQWT8MF70RDD9BDAN6QIR53E,
141,,1.0,,,,,,0.0,0.0,,,561.0,,success,1,,,,16.0,A1G187YBG0DVMQ:3WETL7AQWT8MF70RDD9BDAN6QIR53E,
142,,6.0,,,,,,4350.450520801284,575.0,,,0.0,,gamble,6,,,,17.0,A1G187YBG0DVMQ:3WETL7AQWT8MF70RDD9BDAN6QIR53E,
143,,6.0,,,,,,6594.740796524206,486.0,,,0.0,,gamble,6,,,,18.0,A1G187YBG0DVMQ:3WETL7AQWT8MF70RDD9BDAN6QIR53E,
144,,5.0,,,,,,0.0,0.0,,,490.0,,success,5,,,,19.0,A1G187YBG0DVMQ:3WETL7AQWT8MF70RDD9BDAN6QIR53E,
145,,23.0,,,,,,4255.690248990292,0.0,,,509.0,,success,3,,,,20.0,A1G187YBG0DVMQ:3WETL7AQWT8MF70RDD9BDAN6QIR53E,
146,,6.0,,,,,,6750.0,0.0,,,488.0,,success,6,,,,21.0,A1G187YBG0DVMQ:3WETL7AQWT8MF70RDD9BDAN6QIR53E,
147,,3.0,,,,,,0.0,0.0,,,479.0,,success,3,,,,22.0,A1G187YBG0DVMQ:3WETL7AQWT8MF70RDD9BDAN6QIR53E,
148,,4.0,,,,,,1820.6779386511153,635.0,,,0.0,,gamble,4,,,,23.0,A1G187YBG0DVMQ:3WETL7AQWT8MF70RDD9BDAN6QIR53E,
149,,4.0,,,,,,0.0,0.0,,,565.0,,success,4,,,,24.0,A1G187YBG0DVMQ:3WETL7AQWT8MF70RDD9BDAN6QIR53E,
150,,26.0,,,,,,1643.5134290794906,0.0,,,596.0,,success,6,,,,25.0,A1G187YBG0DVMQ:3WETL7AQWT8MF70RDD9BDAN6QIR53E,
151,,25.0,,,,,,4407.992711774475,0.0,,,444.0,,success,5,,,,26.0,A1G187YBG0DVMQ:3WETL7AQWT8MF70RDD9BDAN6QIR53E,
152,,36.0,,,,,,4045.845501708441,575.0,,,0.0,,gamble,6,,,,27.0,A1G187YBG0DVMQ:3WETL7AQWT8MF70RDD9BDAN6QIR53E,
153,,2.0,,,,,,0.0,0.0,,,505.0,,success,2,,,,28.0,A1G187YBG0DVMQ:3WETL7AQWT8MF70RDD9BDAN6QIR53E,
154,,24.0,,,,,,1853.6103170795284,0.0,,,442.0,,success,4,,,,29.0,A1G187YBG0DVMQ:3WETL7AQWT8MF70RDD9BDAN6QIR53E,
155,,22.0,,,,,,1726.1010621976818,0.0,,,496.0,,success,2,,,,30.0,A1G187YBG0DVMQ:3WETL7AQWT8MF70RDD9BDAN6QIR53E,
156,,2.0,,,,,,4146.788666443546,476.0,,,0.0,,gamble,2,,,,31.0,A1G187YBG0DVMQ:3WETL7AQWT8MF70RDD9BDAN6QIR53E,
157,,5.0,,,,,,0.0,0.0,,,536.0,,success,5,,,,32.0,A1G187YBG0DVMQ:3WETL7AQWT8MF70RDD9BDAN6QIR53E,
158,,6.0,,,,,,1834.212801227037,567.0,,,0.0,,gamble,6,,,,33.0,A1G187YBG0DVMQ:3WETL7AQWT8MF70RDD9BDAN6QIR53E,
159,,3.0,,,,,,1852.464335126626,536.0,,,0.0,,gamble,3,,,,34.0,A1G187YBG0DVMQ:3WETL7AQWT8MF70RDD9BDAN6QIR53E,
160,,32.0,,,,,,4383.272222153774,536.0,,,0.0,,gamble,2,,,,35.0,A1G187YBG0DVMQ:3WETL7AQWT8MF70RDD9BDAN6QIR53E,
161,,35.0,,,,,,6708.366457487,567.0,,,0.0,,gamble,5,,,,36.0,A1G187YBG0DVMQ:3WETL7AQWT8MF70RDD9BDAN6QIR53E,
162,,3.0,,,,,,0.0,0.0,,,517.0,,success,3,,,,37.0,A1G187YBG0DVMQ:3WETL7AQWT8MF70RDD9BDAN6QIR53E,
163,,24.0,,,,,,4271.018420914691,0.0,,,424.0,,success,4,,,,38.0,A1G187YBG0DVMQ:3WETL7AQWT8MF70RDD9BDAN6QIR53E,
164,,6.0,,,,,,0.0,0.0,,,730.0,,success,6,,,,39.0,A1G187YBG0DVMQ:3WETL7AQWT8MF70RDD9BDAN6QIR53E,
165,,3.0,,,,,,6750.0,0.0,,,500.0,,success,3,,,,40.0,A1G187YBG0DVMQ:3WETL7AQWT8MF70RDD9BDAN6QIR53E,
166,,31.0,,,,,,6653.12712657874,511.0,,,0.0,,gamble,1,,,,41.0,A1G187YBG0DVMQ:3WETL7AQWT8MF70RDD9BDAN6QIR53E,
167,,5.0,,,,,,4227.028750412529,595.0,,,0.0,,gamble,5,,,,42.0,A1G187YBG0DVMQ:3WETL7AQWT8MF70RDD9BDAN6QIR53E,
168,,6.0,,,,,,4232.7192314880585,482.0,,,0.0,,gamble,6,,,,43.0,A1G187YBG0DVMQ:3WETL7AQWT8MF70RDD9BDAN6QIR53E,
169,,22.0,,,,,,4238.2704312273845,0.0,,,451.0,,success,2,,,,44.0,A1G187YBG0DVMQ:3WETL7AQWT8MF70RDD9BDAN6QIR53E,
170,,33.0,,,,,,6750.0,531.0,,,0.0,,gamble,3,,,,45.0,A1G187YBG0DVMQ:3WETL7AQWT8MF70RDD9BDAN6QIR53E,
171,,5.0,,,,,,1826.6319471303952,414.0,,,0.0,,gamble,5,,,,46.0,A1G187YBG0DVMQ:3WETL7AQWT8MF70RDD9BDAN6QIR53E,
172,,86.0,,,,,,1858.3189045328577,0.0,,,440.0,,success,6,,,,47.0,A1G187YBG0DVMQ:3WETL7AQWT8MF70RDD9BDAN6QIR53E,
173,,1.0,,,,,,0.0,0.0,,,415.0,,success,1,,,,48.0,A1G187YBG0DVMQ:3WETL7AQWT8MF70RDD9BDAN6QIR53E,
174,,3.0,,,,,,6750.0,502.0,,,0.0,,gamble,3,,,,49.0,A1G187YBG0DVMQ:3WETL7AQWT8MF70RDD9BDAN6QIR53E,
175,,32.0,,,,,,6750.0,588.0,,,0.0,,gamble,2,,,,50.0,A1G187YBG0DVMQ:3WETL7AQWT8MF70RDD9BDAN6QIR53E,
176,,1.0,,,,,,4357.8988831347215,0.0,,,438.0,,success,1,,,,51.0,A1G187YBG0DVMQ:3WETL7AQWT8MF70RDD9BDAN6QIR53E,
177,,5.0,,,,,,6750.0,446.0,,,0.0,,gamble,5,,,,52.0,A1G187YBG0DVMQ:3WETL7AQWT8MF70RDD9BDAN6QIR53E,
178,,25.0,,,,,,6750.0,0.0,,,500.0,,success,5,,,,53.0,A1G187YBG0DVMQ:3WETL7AQWT8MF70RDD9BDAN6QIR53E,
179,,33.0,,,,,,1733.2851135313094,674.0,,,0.0,,gamble,3,,,,54.0,A1G187YBG0DVMQ:3WETL7AQWT8MF70RDD9BDAN6QIR53E,
180,,4.0,,,,,,1649.6166303569291,592.0,,,0.0,,gamble,4,,,,55.0,A1G187YBG0DVMQ:3WETL7AQWT8MF70RDD9BDAN6QIR53E,
181,,75.0,,,,,,2074.7999880106695,560.0,,,0.0,,gamble,5,,,,56.0,A1G187YBG0DVMQ:3WETL7AQWT8MF70RDD9BDAN6QIR53E,
182,,24.0,,,,,,6611.738368267897,0.0,,,493.0,,success,4,,,,57.0,A1G187YBG0DVMQ:3WETL7AQWT8MF70RDD9BDAN6QIR53E,
183,,3.0,,,,,,4350.880829583964,491.0,,,0.0,,gamble,3,,,,58.0,A1G187YBG0DVMQ:3WETL7AQWT8MF70RDD9BDAN6QIR53E,
184,,31.0,,,,,,1923.5489749618982,496.0,,,0.0,,gamble,1,,,,59.0,A1G187YBG0DVMQ:3WETL7AQWT8MF70RDD9BDAN6QIR53E,
185,,6.0,,,,,,1789.5884991085234,457.0,,,0.0,,gamble,6,,,,60.0,A1G187YBG0DVMQ:3WETL7AQWT8MF70RDD9BDAN6QIR53E,
186,,1.0,,,,,,1661.0710185886783,0.0,,,473.0,,success,1,,,,61.0,A1G187YBG0DVMQ:3WETL7AQWT8MF70RDD9BDAN6QIR53E,
187,,2.0,,,,,,0.0,0.0,,,519.0,,success,2,,,,62.0,A1G187YBG0DVMQ:3WETL7AQWT8MF70RDD9BDAN6QIR53E,
188,,34.0,,,,,,1763.7234108565228,607.0,,,0.0,,gamble,4,,,,63.0,A1G187YBG0DVMQ:3WETL7AQWT8MF70RDD9BDAN6QIR53E,
189,,2.0,,,,,,1766.140022933694,542.0,,,0.0,,gamble,2,,,,64.0,A1G187YBG0DVMQ:3WETL7AQWT8MF70RDD9BDAN6QIR53E,
190,,4.0,,,,,,0.0,0.0,,,454.0,,success,4,,,,65.0,A1G187YBG0DVMQ:3WETL7AQWT8MF70RDD9BDAN6QIR53E,
191,,3.0,,,,,,0.0,0.0,,,510.0,,success,3,,,,66.0,A1G187YBG0DVMQ:3WETL7AQWT8MF70RDD9BDAN6QIR53E,
192,,2.0,,,,,,6692.992368064797,498.0,,,0.0,,gamble,2,,,,67.0,A1G187YBG0DVMQ:3WETL7AQWT8MF70RDD9BDAN6QIR53E,
193,,3.0,,,,,,1738.7169136119403,539.0,,,0.0,,gamble,3,,,,68.0,A1G187YBG0DVMQ:3WETL7AQWT8MF70RDD9BDAN6QIR53E,
194,,31.0,,,,,,4322.371368925217,618.0,,,0.0,,gamble,1,,,,69.0,A1G187YBG0DVMQ:3WETL7AQWT8MF70RDD9BDAN6QIR53E,
195,,22.0,,,,,,6750.0,0.0,,,0.0,,fail,2,,,,70.0,A1G187YBG0DVMQ:3WETL7AQWT8MF70RDD9BDAN6QIR53E,
196,,3.0,,,,,,4268.047730584367,493.0,,,0.0,,gamble,3,,,,71.0,A1G187YBG0DVMQ:3WETL7AQWT8MF70RDD9BDAN6QIR53E,
197,,26.0,,,,,,6699.447012551806,0.0,,,576.0,,success,6,,,,72.0,A1G187YBG0DVMQ:3WETL7AQWT8MF70RDD9BDAN6QIR53E,
198,,21.0,,,,,,4136.602911998743,0.0,,,553.0,,success,1,,,,73.0,A1G187YBG0DVMQ:3WETL7AQWT8MF70RDD9BDAN6QIR53E,
199,,6.0,,,,,,0.0,0.0,,,466.0,,success,6,,,,74.0,A1G187YBG0DVMQ:3WETL7AQWT8MF70RDD9BDAN6QIR53E,
200,,21.0,,,,,,1714.4943916306293,0.0,,,552.0,,success,1,,,,75.0,A1G187YBG0DVMQ:3WETL7AQWT8MF70RDD9BDAN6QIR53E,
201,,4.0,,,,,,0.0,0.0,,,566.0,,success,4,,,,76.0,A1G187YBG0DVMQ:3WETL7AQWT8MF70RDD9BDAN6QIR53E,
202,,4.0,,,,,,6680.85489135931,610.0,,,0.0,,gamble,4,,,,77.0,A1G187YBG0DVMQ:3WETL7AQWT8MF70RDD9BDAN6QIR53E,
203,,25.0,,,,,,1562.6929366909205,0.0,,,510.0,,success,5,,,,78.0,A1G187YBG0DVMQ:3WETL7AQWT8MF70RDD9BDAN6QIR53E,
204,,1.0,,,,,,1905.6285173628755,0.0,,,490.0,,success,1,,,,79.0,A1G187YBG0DVMQ:3WETL7AQWT8MF70RDD9BDAN6QIR53E,
205,,34.0,,,,,,6647.372750133252,568.0,,,0.0,,gamble,4,,,,80.0,A1G187YBG0DVMQ:3WETL7AQWT8MF70RDD9BDAN6QIR53E,
206,,1.0,,,,,,0.0,0.0,,,497.0,,success,1,,,,81.0,A1G187YBG0DVMQ:3WETL7AQWT8MF70RDD9BDAN6QIR53E,
207,,4.0,,,,,,4283.3576253714355,595.0,,,0.0,,gamble,4,,,,82.0,A1G187YBG0DVMQ:3WETL7AQWT8MF70RDD9BDAN6QIR53E,
208,,23.0,,,,,,6693.213915819899,0.0,,,473.0,,success,3,,,,83.0,A1G187YBG0DVMQ:3WETL7AQWT8MF70RDD9BDAN6QIR53E,
209,,4.0,,,,,,6702.059056918822,664.0,,,0.0,,gamble,4,,,,84.0,A1G187YBG0DVMQ:3WETL7AQWT8MF70RDD9BDAN6QIR53E,
210,,33.0,,,,,,4130.8963510327985,561.0,,,0.0,,gamble,3,,,,85.0,A1G187YBG0DVMQ:3WETL7AQWT8MF70RDD9BDAN6QIR53E,
211,,2.0,,,,,,4021.2169539230185,522.0,,,0.0,,gamble,2,,,,86.0,A1G187YBG0DVMQ:3WETL7AQWT8MF70RDD9BDAN6QIR53E,
212,,26.0,,,,,,4240.759455623089,0.0,,,504.0,,success,6,,,,87.0,A1G187YBG0DVMQ:3WETL7AQWT8MF70RDD9BDAN6QIR53E,
213,,2.0,,,,,,1740.819923812466,614.0,,,0.0,,gamble,2,,,,88.0,A1G187YBG0DVMQ:3WETL7AQWT8MF70RDD9BDAN6QIR53E,
214,,2.0,,,,,,0.0,0.0,,,521.0,,success,2,,,,89.0,A1G187YBG0DVMQ:3WETL7AQWT8MF70RDD9BDAN6QIR53E,
215,,5.0,,,,,,4410.119196709914,527.0,,,0.0,,gamble,5,,,,90.0,A1G187YBG0DVMQ:3WETL7AQWT8MF70RDD9BDAN6QIR53E,
216,,35.0,,,,,,1658.9783040552309,595.0,,,0.0,,gamble,5,,,,91.0,A1G187YBG0DVMQ:3WETL7AQWT8MF70RDD9BDAN6QIR53E,
217,,5.0,,,,,,1797.2228573674583,544.0,,,0.0,,gamble,5,,,,92.0,A1G187YBG0DVMQ:3WETL7AQWT8MF70RDD9BDAN6QIR53E,
218,,2.0,,,,,1485371.0,4274.624959765282,491.0,,,0.0,,gamble,2,,,,93.0,A1G187YBG0DVMQ:3WETL7AQWT8MF70RDD9BDAN6QIR53E,
219,,,,,,,,,,,,,postquestionnaire,,,begin,,,,A1G187YBG0DVMQ:3WETL7AQWT8MF70RDD9BDAN6QIR53E,
220,4.0,,,,,,,,,,,,postquestionnaire,,,submit,,,,A1G187YBG0DVMQ:3WETL7AQWT8MF70RDD9BDAN6QIR53E,
221,,,,,,A1G187YBG0DVMQ:3WETL7AQWT8MF70RDD9BDAN6QIR53E,,,,,,,,,,,,,,,
222,,,,,A1G187YBG0DVMQ:3WETL7AQWT8MF70RDD9BDAN6QIR53E,,,,,,,,,,,,,,,,
223,,,,,,,,,,,A1G187YBG0DVMQ:3WETL7AQWT8MF70RDD9BDAN6QIR53E,,,,,,,,,,
224,,,,A1G187YBG0DVMQ:3WETL7AQWT8MF70RDD9BDAN6QIR53E,,,,,,,,,,,,,,,,,
225,,,Begin,,,,,,,,,,INSTRUCTIONS,,,,,"[u'instructions/instruct-1.html', u'instructions/instruct-2.html', u'instructions/instruct-3.html', u'instructions/instruct-ready.html']",,A1V2H0UF94ATWY:3VE8AYVF8MX0I1ZMV6HGQ3MUVYXF8Z,
226,,,NextPage,,,,,,,0.0,,,INSTRUCTIONS,,,,instructions/instruct-1.html,,,A1V2H0UF94ATWY:3VE8AYVF8MX0I1ZMV6HGQ3MUVYXF8Z,3602.0
227,,,NextPage,,,,,,,1.0,,,INSTRUCTIONS,,,,instructions/instruct-2.html,,,A1V2H0UF94ATWY:3VE8AYVF8MX0I1ZMV6HGQ3MUVYXF8Z,25143.0
228,,,NextPage,,,,,,,2.0,,,INSTRUCTIONS,,,,instructions/instruct-3.html,,,A1V2H0UF94ATWY:3VE8AYVF8MX0I1ZMV6HGQ3MUVYXF8Z,65343.0
229,,,PrevPage,,,,,,,3.0,,,INSTRUCTIONS,,,,instructions/instruct-ready.html,,,A1V2H0UF94ATWY:3VE8AYVF8MX0I1ZMV6HGQ3MUVYXF8Z,49975.0
230,,,NextPage,,,,,,,2.0,,,INSTRUCTIONS,,,,instructions/instruct-3.html,,,A1V2H0UF94ATWY:3VE8AYVF8MX0I1ZMV6HGQ3MUVYXF8Z,13800.0
231,,,PrevPage,,,,,,,3.0,,,INSTRUCTIONS,,,,instructions/instruct-ready.html,,,A1V2H0UF94ATWY:3VE8AYVF8MX0I1ZMV6HGQ3MUVYXF8Z,26047.0
232,,,NextPage,,,,,,,2.0,,,INSTRUCTIONS,,,,instructions/instruct-3.html,,,A1V2H0UF94ATWY:3VE8AYVF8MX0I1ZMV6HGQ3MUVYXF8Z,22039.0
233,,,PrevPage,,,,,,,3.0,,,INSTRUCTIONS,,,,instructions/instruct-ready.html,,,A1V2H0UF94ATWY:3VE8AYVF8MX0I1ZMV6HGQ3MUVYXF8Z,6839.0
234,,,NextPage,,,,,,,2.0,,,INSTRUCTIONS,,,,instructions/instruct-3.html,,,A1V2H0UF94ATWY:3VE8AYVF8MX0I1ZMV6HGQ3MUVYXF8Z,7782.0
235,,,PrevPage,,,,,,,3.0,,,INSTRUCTIONS,,,,instructions/instruct-ready.html,,,A1V2H0UF94ATWY:3VE8AYVF8MX0I1ZMV6HGQ3MUVYXF8Z,6831.0
236,,,NextPage,,,,,,,2.0,,,INSTRUCTIONS,,,,instructions/instruct-3.html,,,A1V2H0UF94ATWY:3VE8AYVF8MX0I1ZMV6HGQ3MUVYXF8Z,9039.0
237,,,FinishInstructions,,,,,,,3.0,,,INSTRUCTIONS,,,,instructions/instruct-ready.html,,,A1V2H0UF94ATWY:3VE8AYVF8MX0I1ZMV6HGQ3MUVYXF8Z,24249.0
238,,2.0,,,,,,4223.768928758515,0.0,,,388.0,,success,2,,,,1.0,A1V2H0UF94ATWY:3VE8AYVF8MX0I1ZMV6HGQ3MUVYXF8Z,
239,,1.0,,,,,,0.0,0.0,,,389.0,,success,1,,,,2.0,A1V2H0UF94ATWY:3VE8AYVF8MX0I1ZMV6HGQ3MUVYXF8Z,
240,,4.0,,,,,,6750.0,0.0,,,445.0,,success,4,,,,3.0,A1V2H0UF94ATWY:3VE8AYVF8MX0I1ZMV6HGQ3MUVYXF8Z,
241,,5.0,,,,,,1678.426001290276,0.0,,,472.0,,success,5,,,,4.0,A1V2H0UF94ATWY:3VE8AYVF8MX0I1ZMV6HGQ3MUVYXF8Z,
242,,22.0,,,,,,1820.2423544368294,0.0,,,475.0,,success,2,,,,5.0,A1V2H0UF94ATWY:3VE8AYVF8MX0I1ZMV6HGQ3MUVYXF8Z,
243,,4.0,,,,,,1900.4968247435254,0.0,,,492.0,,success,4,,,,6.0,A1V2H0UF94ATWY:3VE8AYVF8MX0I1ZMV6HGQ3MUVYXF8Z,
244,,6.0,,,,,,6735.295544718849,0.0,,,517.0,,success,6,,,,7.0,A1V2H0UF94ATWY:3VE8AYVF8MX0I1ZMV6HGQ3MUVYXF8Z,
245,,36.0,,,,,,1856.5693396704107,0.0,,,518.0,,success,6,,,,8.0,A1V2H0UF94ATWY:3VE8AYVF8MX0I1ZMV6HGQ3MUVYXF8Z,
246,,5.0,,,,,,4367.957953143481,0.0,,,486.0,,success,5,,,,9.0,A1V2H0UF94ATWY:3VE8AYVF8MX0I1ZMV6HGQ3MUVYXF8Z,
247,,1.0,,,,,,6750.0,0.0,,,449.0,,success,1,,,,10.0,A1V2H0UF94ATWY:3VE8AYVF8MX0I1ZMV6HGQ3MUVYXF8Z,
248,,1.0,,,,,,4429.177946780269,0.0,,,405.0,,success,1,,,,11.0,A1V2H0UF94ATWY:3VE8AYVF8MX0I1ZMV6HGQ3MUVYXF8Z,
249,,3.0,,,,,,0.0,0.0,,,420.0,,success,3,,,,12.0,A1V2H0UF94ATWY:3VE8AYVF8MX0I1ZMV6HGQ3MUVYXF8Z,
250,,34.0,,,,,,4251.484918084515,0.0,,,463.0,,success,4,,,,13.0,A1V2H0UF94ATWY:3VE8AYVF8MX0I1ZMV6HGQ3MUVYXF8Z,
251,,4.0,,,,,,0.0,0.0,,,388.0,,success,4,,,,14.0,A1V2H0UF94ATWY:3VE8AYVF8MX0I1ZMV6HGQ3MUVYXF8Z,
252,,5.0,,,,,,6679.882357333071,0.0,,,463.0,,success,5,,,,15.0,A1V2H0UF94ATWY:3VE8AYVF8MX0I1ZMV6HGQ3MUVYXF8Z,
253,,22.0,,,,,,6727.399220787829,0.0,,,465.0,,success,2,,,,16.0,A1V2H0UF94ATWY:3VE8AYVF8MX0I1ZMV6HGQ3MUVYXF8Z,
254,,3.0,,,,,,1769.9494946823058,0.0,,,461.0,,success,3,,,,17.0,A1V2H0UF94ATWY:3VE8AYVF8MX0I1ZMV6HGQ3MUVYXF8Z,
255,,23.0,,,,,,1667.2943009834994,0.0,,,528.0,,success,3,,,,18.0,A1V2H0UF94ATWY:3VE8AYVF8MX0I1ZMV6HGQ3MUVYXF8Z,
256,,1.0,,,,,,4206.118316616368,0.0,,,395.0,,success,1,,,,19.0,A1V2H0UF94ATWY:3VE8AYVF8MX0I1ZMV6HGQ3MUVYXF8Z,
257,,25.0,,,,,,6665.4611040478985,0.0,,,460.0,,success,5,,,,20.0,A1V2H0UF94ATWY:3VE8AYVF8MX0I1ZMV6HGQ3MUVYXF8Z,
258,,26.0,,,,,,4224.728008809545,0.0,,,419.0,,success,6,,,,21.0,A1V2H0UF94ATWY:3VE8AYVF8MX0I1ZMV6HGQ3MUVYXF8Z,
259,,32.0,,,,,,4207.312535241073,0.0,,,455.0,,success,2,,,,22.0,A1V2H0UF94ATWY:3VE8AYVF8MX0I1ZMV6HGQ3MUVYXF8Z,
260,,22.0,,,,,,4186.379545962924,0.0,,,487.0,,success,2,,,,23.0,A1V2H0UF94ATWY:3VE8AYVF8MX0I1ZMV6HGQ3MUVYXF8Z,
261,,5.0,,,,,,1707.7695988006326,0.0,,,419.0,,success,5,,,,24.0,A1V2H0UF94ATWY:3VE8AYVF8MX0I1ZMV6HGQ3MUVYXF8Z,
262,,2.0,,,,,,1586.7654703315081,0.0,,,393.0,,success,2,,,,25.0,A1V2H0UF94ATWY:3VE8AYVF8MX0I1ZMV6HGQ3MUVYXF8Z,
263,,5.0,,,,,,0.0,0.0,,,444.0,,success,5,,,,26.0,A1V2H0UF94ATWY:3VE8AYVF8MX0I1ZMV6HGQ3MUVYXF8Z,
264,,33.0,,,,,,1613.7956575231237,0.0,,,427.0,,success,3,,,,27.0,A1V2H0UF94ATWY:3VE8AYVF8MX0I1ZMV6HGQ3MUVYXF8Z,
265,,3.0,,,,,,6750.0,0.0,,,0.0,,fail,3,,,,28.0,A1V2H0UF94ATWY:3VE8AYVF8MX0I1ZMV6HGQ3MUVYXF8Z,
266,,21.0,,,,,,1726.1303023244127,0.0,,,501.0,,success,1,,,,29.0,A1V2H0UF94ATWY:3VE8AYVF8MX0I1ZMV6HGQ3MUVYXF8Z,
267,,1.0,,,,,,6750.0,0.0,,,514.0,,success,1,,,,30.0,A1V2H0UF94ATWY:3VE8AYVF8MX0I1ZMV6HGQ3MUVYXF8Z,
268,,3.0,,,,,,0.0,0.0,,,438.0,,success,3,,,,31.0,A1V2H0UF94ATWY:3VE8AYVF8MX0I1ZMV6HGQ3MUVYXF8Z,
269,,35.0,,,,,,4243.3944629895295,0.0,,,615.0,,success,5,,,,32.0,A1V2H0UF94ATWY:3VE8AYVF8MX0I1ZMV6HGQ3MUVYXF8Z,
270,,5.0,,,,,,4252.515121416551,0.0,,,495.0,,success,5,,,,33.0,A1V2H0UF94ATWY:3VE8AYVF8MX0I1ZMV6HGQ3MUVYXF8Z,
271,,1.0,,,,,,1758.5918899522107,0.0,,,453.0,,success,1,,,,34.0,A1V2H0UF94ATWY:3VE8AYVF8MX0I1ZMV6HGQ3MUVYXF8Z,
272,,4.0,,,,,,0.0,0.0,,,395.0,,success,4,,,,35.0,A1V2H0UF94ATWY:3VE8AYVF8MX0I1ZMV6HGQ3MUVYXF8Z,
273,,2.0,,,,,,1902.0626157353736,0.0,,,402.0,,success,2,,,,36.0,A1V2H0UF94ATWY:3VE8AYVF8MX0I1ZMV6HGQ3MUVYXF8Z,
274,,4.0,,,,,,6750.0,0.0,,,539.0,,success,4,,,,37.0,A1V2H0UF94ATWY:3VE8AYVF8MX0I1ZMV6HGQ3MUVYXF8Z,
275,,31.0,,,,,,6750.0,0.0,,,444.0,,success,1,,,,38.0,A1V2H0UF94ATWY:3VE8AYVF8MX0I1ZMV6HGQ3MUVYXF8Z,
276,,36.0,,,,,,4352.290734833708,0.0,,,390.0,,success,6,,,,39.0,A1V2H0UF94ATWY:3VE8AYVF8MX0I1ZMV6HGQ3MUVYXF8Z,
277,,2.0,,,,,,0.0,0.0,,,427.0,,success,2,,,,40.0,A1V2H0UF94ATWY:3VE8AYVF8MX0I1ZMV6HGQ3MUVYXF8Z,
278,,6.0,,,,,,0.0,0.0,,,439.0,,success,6,,,,41.0,A1V2H0UF94ATWY:3VE8AYVF8MX0I1ZMV6HGQ3MUVYXF8Z,
279,,2.0,,,,,,4102.87176711124,0.0,,,0.0,,fail,2,,,,42.0,A1V2H0UF94ATWY:3VE8AYVF8MX0I1ZMV6HGQ3MUVYXF8Z,
280,,33.0,,,,,,6716.186434477002,609.0,,,0.0,,gamble,3,,,,43.0,A1V2H0UF94ATWY:3VE8AYVF8MX0I1ZMV6HGQ3MUVYXF8Z,
281,,3.0,,,,,,1898.811082800983,0.0,,,503.0,,success,3,,,,44.0,A1V2H0UF94ATWY:3VE8AYVF8MX0I1ZMV6HGQ3MUVYXF8Z,
282,,3.0,,,,,,4253.176262785543,0.0,,,413.0,,success,3,,,,45.0,A1V2H0UF94ATWY:3VE8AYVF8MX0I1ZMV6HGQ3MUVYXF8Z,
283,,3.0,,,,,,0.0,0.0,,,540.0,,success,3,,,,46.0,A1V2H0UF94ATWY:3VE8AYVF8MX0I1ZMV6HGQ3MUVYXF8Z,
284,,33.0,,,,,,4110.25282552346,679.0,,,0.0,,gamble,3,,,,47.0,A1V2H0UF94ATWY:3VE8AYVF8MX0I1ZMV6HGQ3MUVYXF8Z,
285,,34.0,,,,,,1728.2792956533042,0.0,,,487.0,,success,4,,,,48.0,A1V2H0UF94ATWY:3VE8AYVF8MX0I1ZMV6HGQ3MUVYXF8Z,
286,,23.0,,,,,,6582.111722266492,0.0,,,467.0,,success,3,,,,49.0,A1V2H0UF94ATWY:3VE8AYVF8MX0I1ZMV6HGQ3MUVYXF8Z,
287,,6.0,,,,,,0.0,0.0,,,478.0,,success,6,,,,50.0,A1V2H0UF94ATWY:3VE8AYVF8MX0I1ZMV6HGQ3MUVYXF8Z,
288,,6.0,,,,,,1626.554106725889,0.0,,,406.0,,success,6,,,,51.0,A1V2H0UF94ATWY:3VE8AYVF8MX0I1ZMV6HGQ3MUVYXF8Z,
289,,86.0,,,,,,2114.5954407049485,0.0,,,424.0,,success,6,,,,52.0,A1V2H0UF94ATWY:3VE8AYVF8MX0I1ZMV6HGQ3MUVYXF8Z,
290,,21.0,,,,,,4232.788247576343,0.0,,,463.0,,success,1,,,,53.0,A1V2H0UF94ATWY:3VE8AYVF8MX0I1ZMV6HGQ3MUVYXF8Z,
291,,26.0,,,,,,2001.8951074222837,0.0,,,472.0,,success,6,,,,54.0,A1V2H0UF94ATWY:3VE8AYVF8MX0I1ZMV6HGQ3MUVYXF8Z,
292,,4.0,,,,,,4135.786061447867,0.0,,,0.0,,fail,4,,,,55.0,A1V2H0UF94ATWY:3VE8AYVF8MX0I1ZMV6HGQ3MUVYXF8Z,
293,,4.0,,,,,,0.0,0.0,,,435.0,,success,4,,,,56.0,A1V2H0UF94ATWY:3VE8AYVF8MX0I1ZMV6HGQ3MUVYXF8Z,
294,,3.0,,,,,,6639.146672366576,0.0,,,457.0,,success,3,,,,57.0,A1V2H0UF94ATWY:3VE8AYVF8MX0I1ZMV6HGQ3MUVYXF8Z,
295,,6.0,,,,,,4231.162931623314,0.0,,,426.0,,success,6,,,,58.0,A1V2H0UF94ATWY:3VE8AYVF8MX0I1ZMV6HGQ3MUVYXF8Z,
296,,34.0,,,,,,6750.0,533.0,,,0.0,,gamble,4,,,,59.0,A1V2H0UF94ATWY:3VE8AYVF8MX0I1ZMV6HGQ3MUVYXF8Z,
297,,6.0,,,,,,6714.649755129446,0.0,,,494.0,,success,6,,,,60.0,A1V2H0UF94ATWY:3VE8AYVF8MX0I1ZMV6HGQ3MUVYXF8Z,
298,,75.0,,,,,,1855.111751997926,749.0,,,0.0,,gamble,5,,,,61.0,A1V2H0UF94ATWY:3VE8AYVF8MX0I1ZMV6HGQ3MUVYXF8Z,
299,,2.0,,,,,,6665.519130995758,0.0,,,479.0,,success,2,,,,62.0,A1V2H0UF94ATWY:3VE8AYVF8MX0I1ZMV6HGQ3MUVYXF8Z,
300,,35.0,,,,,,6750.0,0.0,,,0.0,,fail,5,,,,63.0,A1V2H0UF94ATWY:3VE8AYVF8MX0I1ZMV6HGQ3MUVYXF8Z,
301,,25.0,,,,,,1592.696950834829,0.0,,,354.0,,success,5,,,,64.0,A1V2H0UF94ATWY:3VE8AYVF8MX0I1ZMV6HGQ3MUVYXF8Z,
302,,24.0,,,,,,6750.0,0.0,,,390.0,,success,4,,,,65.0,A1V2H0UF94ATWY:3VE8AYVF8MX0I1ZMV6HGQ3MUVYXF8Z,
303,,4.0,,,,,,1817.2761406597406,0.0,,,397.0,,success,4,,,,66.0,A1V2H0UF94ATWY:3VE8AYVF8MX0I1ZMV6HGQ3MUVYXF8Z,
304,,24.0,,,,,,1798.011749464738,0.0,,,0.0,,fail,4,,,,67.0,A1V2H0UF94ATWY:3VE8AYVF8MX0I1ZMV6HGQ3MUVYXF8Z,
305,,24.0,,,,,,4254.020797637813,0.0,,,407.0,,success,4,,,,68.0,A1V2H0UF94ATWY:3VE8AYVF8MX0I1ZMV6HGQ3MUVYXF8Z,
306,,31.0,,,,,,4093.746711657805,0.0,,,0.0,,earlyFail,1,,,,69.0,A1V2H0UF94ATWY:3VE8AYVF8MX0I1ZMV6HGQ3MUVYXF8Z,
307,,3.0,,,,,,4213.954376230584,0.0,,,355.0,,success,3,,,,70.0,A1V2H0UF94ATWY:3VE8AYVF8MX0I1ZMV6HGQ3MUVYXF8Z,
308,,23.0,,,,,,4282.31208530604,0.0,,,358.0,,success,3,,,,71.0,A1V2H0UF94ATWY:3VE8AYVF8MX0I1ZMV6HGQ3MUVYXF8Z,
309,,4.0,,,,,,4359.013074865216,0.0,,,433.0,,success,4,,,,72.0,A1V2H0UF94ATWY:3VE8AYVF8MX0I1ZMV6HGQ3MUVYXF8Z,
310,,32.0,,,,,,1756.2214772076625,978.0,,,0.0,,gamble,2,,,,73.0,A1V2H0UF94ATWY:3VE8AYVF8MX0I1ZMV6HGQ3MUVYXF8Z,
311,,25.0,,,,,,4238.522247508953,0.0,,,415.0,,success,5,,,,74.0,A1V2H0UF94ATWY:3VE8AYVF8MX0I1ZMV6HGQ3MUVYXF8Z,
312,,32.0,,,,,,6750.0,513.0,,,0.0,,gamble,2,,,,75.0,A1V2H0UF94ATWY:3VE8AYVF8MX0I1ZMV6HGQ3MUVYXF8Z,
313,,5.0,,,,,,6714.252000530941,0.0,,,437.0,,success,5,,,,76.0,A1V2H0UF94ATWY:3VE8AYVF8MX0I1ZMV6HGQ3MUVYXF8Z,
314,,26.0,,,,,,6750.0,0.0,,,465.0,,success,6,,,,77.0,A1V2H0UF94ATWY:3VE8AYVF8MX0I1ZMV6HGQ3MUVYXF8Z,
315,,2.0,,,,,,0.0,0.0,,,349.0,,success,2,,,,78.0,A1V2H0UF94ATWY:3VE8AYVF8MX0I1ZMV6HGQ3MUVYXF8Z,
316,,6.0,,,,,,0.0,0.0,,,404.0,,success,6,,,,79.0,A1V2H0UF94ATWY:3VE8AYVF8MX0I1ZMV6HGQ3MUVYXF8Z,
317,,2.0,,,,,,4263.7844677496,0.0,,,431.0,,success,2,,,,80.0,A1V2H0UF94ATWY:3VE8AYVF8MX0I1ZMV6HGQ3MUVYXF8Z,
318,,5.0,,,,,,0.0,0.0,,,413.0,,success,5,,,,81.0,A1V2H0UF94ATWY:3VE8AYVF8MX0I1ZMV6HGQ3MUVYXF8Z,
319,,1.0,,,,,,0.0,0.0,,,428.0,,success,1,,,,82.0,A1V2H0UF94ATWY:3VE8AYVF8MX0I1ZMV6HGQ3MUVYXF8Z,
320,,1.0,,,,,,1718.855287114598,0.0,,,406.0,,success,1,,,,83.0,A1V2H0UF94ATWY:3VE8AYVF8MX0I1ZMV6HGQ3MUVYXF8Z,
321,,21.0,,,,,,6750.0,0.0,,,383.0,,success,1,,,,84.0,A1V2H0UF94ATWY:3VE8AYVF8MX0I1ZMV6HGQ3MUVYXF8Z,
322,,36.0,,,,,,6720.64780492696,0.0,,,417.0,,success,6,,,,85.0,A1V2H0UF94ATWY:3VE8AYVF8MX0I1ZMV6HGQ3MUVYXF8Z,
323,,6.0,,,,,,1606.1730226099867,0.0,,,436.0,,success,6,,,,86.0,A1V2H0UF94ATWY:3VE8AYVF8MX0I1ZMV6HGQ3MUVYXF8Z,
324,,5.0,,,,,,0.0,0.0,,,461.0,,success,5,,,,87.0,A1V2H0UF94ATWY:3VE8AYVF8MX0I1ZMV6HGQ3MUVYXF8Z,
325,,31.0,,,,,,1643.3154145033607,0.0,,,393.0,,success,1,,,,88.0,A1V2H0UF94ATWY:3VE8AYVF8MX0I1ZMV6HGQ3MUVYXF8Z,
326,,6.0,,,,,,4306.986695704988,0.0,,,453.0,,success,6,,,,89.0,A1V2H0UF94ATWY:3VE8AYVF8MX0I1ZMV6HGQ3MUVYXF8Z,
327,,35.0,,,,,,1636.78163160698,0.0,,,363.0,,success,5,,,,90.0,A1V2H0UF94ATWY:3VE8AYVF8MX0I1ZMV6HGQ3MUVYXF8Z,
328,,1.0,,,,,,0.0,0.0,,,447.0,,success,1,,,,91.0,A1V2H0UF94ATWY:3VE8AYVF8MX0I1ZMV6HGQ3MUVYXF8Z,
329,,2.0,,,,,,6659.3340430530125,0.0,,,507.0,,success,2,,,,92.0,A1V2H0UF94ATWY:3VE8AYVF8MX0I1ZMV6HGQ3MUVYXF8Z,
330,,2.0,,,,,1533480.0,0.0,0.0,,,411.0,,success,2,,,,93.0,A1V2H0UF94ATWY:3VE8AYVF8MX0I1ZMV6HGQ3MUVYXF8Z,
331,,,,,,,,,,,,,postquestionnaire,,,begin,,,,A1V2H0UF94ATWY:3VE8AYVF8MX0I1ZMV6HGQ3MUVYXF8Z,
332,0.0,,,,,,,,,,,,postquestionnaire,,,submit,,,,A1V2H0UF94ATWY:3VE8AYVF8MX0I1ZMV6HGQ3MUVYXF8Z,
333,,,,,,A1V2H0UF94ATWY:3VE8AYVF8MX0I1ZMV6HGQ3MUVYXF8Z,,,,,,,,,,,,,,,
334,,,,,A1V2H0UF94ATWY:3VE8AYVF8MX0I1ZMV6HGQ3MUVYXF8Z,,,,,,,,,,,,,,,,
335,,,,,,,,,,,A1V2H0UF94ATWY:3VE8AYVF8MX0I1ZMV6HGQ3MUVYXF8Z,,,,,,,,,,
336,,,,A1V2H0UF94ATWY:3VE8AYVF8MX0I1ZMV6HGQ3MUVYXF8Z,,,,,,,,,,,,,,,,,
337,,,Begin,,,,,,,,,,INSTRUCTIONS,,,,,"[u'instructions/instruct-1.html', u'instructions/instruct-2.html', u'instructions/instruct-3.html', u'instructions/instruct-ready.html']",,A2T11H7YI7QPGD:3K2755HG5S3CZWVDCESWCV0V6PUDF3,
338,,,NextPage,,,,,,,0.0,,,INSTRUCTIONS,,,,instructions/instruct-1.html,,,A2T11H7YI7QPGD:3K2755HG5S3CZWVDCESWCV0V6PUDF3,6492.0
339,,,NextPage,,,,,,,1.0,,,INSTRUCTIONS,,,,instructions/instruct-2.html,,,A2T11H7YI7QPGD:3K2755HG5S3CZWVDCESWCV0V6PUDF3,173828.0
340,,,NextPage,,,,,,,2.0,,,INSTRUCTIONS,,,,instructions/instruct-3.html,,,A2T11H7YI7QPGD:3K2755HG5S3CZWVDCESWCV0V6PUDF3,2499.0
341,,,FinishInstructions,,,,,,,3.0,,,INSTRUCTIONS,,,,instructions/instruct-ready.html,,,A2T11H7YI7QPGD:3K2755HG5S3CZWVDCESWCV0V6PUDF3,27091.0
342,,2.0,,,,,,6716.26372843858,0.0,,,27.0,,success,2,,,,1.0,A2T11H7YI7QPGD:3K2755HG5S3CZWVDCESWCV0V6PUDF3,
343,,1.0,,,,,,0.0,0.0,,,153.0,,success,1,,,,2.0,A2T11H7YI7QPGD:3K2755HG5S3CZWVDCESWCV0V6PUDF3,
344,,36.0,,,,,,1770.5080435855718,0.0,,,70.0,,success,6,,,,3.0,A2T11H7YI7QPGD:3K2755HG5S3CZWVDCESWCV0V6PUDF3,
345,,2.0,,,,,,0.0,0.0,,,115.0,,success,2,,,,4.0,A2T11H7YI7QPGD:3K2755HG5S3CZWVDCESWCV0V6PUDF3,
346,,31.0,,,,,,4321.841578236479,0.0,,,184.0,,success,1,,,,5.0,A2T11H7YI7QPGD:3K2755HG5S3CZWVDCESWCV0V6PUDF3,
347,,1.0,,,,,,1843.899345143746,0.0,,,84.0,,success,1,,,,6.0,A2T11H7YI7QPGD:3K2755HG5S3CZWVDCESWCV0V6PUDF3,
348,,34.0,,,,,,6711.132531064652,0.0,,,72.0,,success,4,,,,7.0,A2T11H7YI7QPGD:3K2755HG5S3CZWVDCESWCV0V6PUDF3,
349,,5.0,,,,,,6750.0,0.0,,,0.0,,earlyFail,5,,,,8.0,A2T11H7YI7QPGD:3K2755HG5S3CZWVDCESWCV0V6PUDF3,
350,,2.0,,,,,,4190.085240031745,0.0,,,126.0,,success,2,,,,9.0,A2T11H7YI7QPGD:3K2755HG5S3CZWVDCESWCV0V6PUDF3,
351,,6.0,,,,,,6750.0,0.0,,,40.0,,success,6,,,,10.0,A2T11H7YI7QPGD:3K2755HG5S3CZWVDCESWCV0V6PUDF3,
352,,2.0,,,,,,4310.759177317759,0.0,,,102.0,,success,2,,,,11.0,A2T11H7YI7QPGD:3K2755HG5S3CZWVDCESWCV0V6PUDF3,
353,,5.0,,,,,,4202.355384728237,0.0,,,118.0,,success,5,,,,12.0,A2T11H7YI7QPGD:3K2755HG5S3CZWVDCESWCV0V6PUDF3,
354,,33.0,,,,,,1583.2760051668008,0.0,,,144.0,,success,3,,,,13.0,A2T11H7YI7QPGD:3K2755HG5S3CZWVDCESWCV0V6PUDF3,
355,,24.0,,,,,,1679.2917926959665,0.0,,,105.0,,success,4,,,,14.0,A2T11H7YI7QPGD:3K2755HG5S3CZWVDCESWCV0V6PUDF3,
356,,4.0,,,,,,0.0,0.0,,,118.0,,success,4,,,,15.0,A2T11H7YI7QPGD:3K2755HG5S3CZWVDCESWCV0V6PUDF3,
357,,3.0,,,,,,1709.4423620716893,0.0,,,107.0,,success,3,,,,16.0,A2T11H7YI7QPGD:3K2755HG5S3CZWVDCESWCV0V6PUDF3,
358,,6.0,,,,,,1834.7267996931266,0.0,,,172.0,,success,6,,,,17.0,A2T11H7YI7QPGD:3K2755HG5S3CZWVDCESWCV0V6PUDF3,
359,,6.0,,,,,,0.0,0.0,,,272.0,,success,6,,,,18.0,A2T11H7YI7QPGD:3K2755HG5S3CZWVDCESWCV0V6PUDF3,
360,,26.0,,,,,,4281.942565394113,0.0,,,181.0,,success,6,,,,19.0,A2T11H7YI7QPGD:3K2755HG5S3CZWVDCESWCV0V6PUDF3,
361,,6.0,,,,,,4285.089164928187,0.0,,,245.0,,success,6,,,,20.0,A2T11H7YI7QPGD:3K2755HG5S3CZWVDCESWCV0V6PUDF3,
362,,32.0,,,,,,1767.386354201809,0.0,,,198.0,,success,2,,,,21.0,A2T11H7YI7QPGD:3K2755HG5S3CZWVDCESWCV0V6PUDF3,
363,,4.0,,,,,,0.0,0.0,,,24.0,,success,4,,,,22.0,A2T11H7YI7QPGD:3K2755HG5S3CZWVDCESWCV0V6PUDF3,
364,,3.0,,,,,,0.0,0.0,,,143.0,,success,3,,,,23.0,A2T11H7YI7QPGD:3K2755HG5S3CZWVDCESWCV0V6PUDF3,
365,,5.0,,,,,,1709.6855616087496,637.0,,,0.0,,gamble,5,,,,24.0,A2T11H7YI7QPGD:3K2755HG5S3CZWVDCESWCV0V6PUDF3,
366,,25.0,,,,,,1797.863291373307,640.0,,,0.0,,gamble,5,,,,25.0,A2T11H7YI7QPGD:3K2755HG5S3CZWVDCESWCV0V6PUDF3,
367,,34.0,,,,,,1780.4228257611048,505.0,,,0.0,,gamble,4,,,,26.0,A2T11H7YI7QPGD:3K2755HG5S3CZWVDCESWCV0V6PUDF3,
368,,31.0,,,,,,1779.7441550400206,514.0,,,0.0,,gamble,1,,,,27.0,A2T11H7YI7QPGD:3K2755HG5S3CZWVDCESWCV0V6PUDF3,
369,,4.0,,,,,,4336.455755402142,844.0,,,0.0,,gamble,4,,,,28.0,A2T11H7YI7QPGD:3K2755HG5S3CZWVDCESWCV0V6PUDF3,
370,,4.0,,,,,,0.0,0.0,,,153.0,,success,4,,,,29.0,A2T11H7YI7QPGD:3K2755HG5S3CZWVDCESWCV0V6PUDF3,
371,,31.0,,,,,,6743.1999601177895,622.0,,,0.0,,gamble,1,,,,30.0,A2T11H7YI7QPGD:3K2755HG5S3CZWVDCESWCV0V6PUDF3,
372,,21.0,,,,,,1847.753793634279,945.0,,,0.0,,gamble,1,,,,31.0,A2T11H7YI7QPGD:3K2755HG5S3CZWVDCESWCV0V6PUDF3,
373,,21.0,,,,,,6660.286906135845,635.0,,,0.0,,gamble,1,,,,32.0,A2T11H7YI7QPGD:3K2755HG5S3CZWVDCESWCV0V6PUDF3,
374,,3.0,,,,,,4267.858047995471,616.0,,,0.0,,gamble,3,,,,33.0,A2T11H7YI7QPGD:3K2755HG5S3CZWVDCESWCV0V6PUDF3,
375,,2.0,,,,,,0.0,0.0,,,104.0,,success,2,,,,34.0,A2T11H7YI7QPGD:3K2755HG5S3CZWVDCESWCV0V6PUDF3,
376,,6.0,,,,,,6534.630417753798,682.0,,,0.0,,gamble,6,,,,35.0,A2T11H7YI7QPGD:3K2755HG5S3CZWVDCESWCV0V6PUDF3,
377,,36.0,,,,,,4282.271711095583,0.0,,,146.0,,success,6,,,,36.0,A2T11H7YI7QPGD:3K2755HG5S3CZWVDCESWCV0V6PUDF3,
378,,2.0,,,,,,0.0,0.0,,,184.0,,success,2,,,,37.0,A2T11H7YI7QPGD:3K2755HG5S3CZWVDCESWCV0V6PUDF3,
379,,75.0,,,,,,2067.868209360447,930.0,,,0.0,,gamble,5,,,,38.0,A2T11H7YI7QPGD:3K2755HG5S3CZWVDCESWCV0V6PUDF3,
380,,5.0,,,,,,1639.5907714424113,963.0,,,0.0,,gamble,5,,,,39.0,A2T11H7YI7QPGD:3K2755HG5S3CZWVDCESWCV0V6PUDF3,
381,,1.0,,,,,,4262.843937189572,0.0,,,0.0,,earlyFail,1,,,,40.0,A2T11H7YI7QPGD:3K2755HG5S3CZWVDCESWCV0V6PUDF3,
382,,6.0,,,,,,1761.4548483597132,809.0,,,0.0,,gamble,6,,,,41.0,A2T11H7YI7QPGD:3K2755HG5S3CZWVDCESWCV0V6PUDF3,
383,,4.0,,,,,,1864.0869119393858,775.0,,,0.0,,gamble,4,,,,42.0,A2T11H7YI7QPGD:3K2755HG5S3CZWVDCESWCV0V6PUDF3,
384,,5.0,,,,,,0.0,0.0,,,143.0,,success,5,,,,43.0,A2T11H7YI7QPGD:3K2755HG5S3CZWVDCESWCV0V6PUDF3,
385,,1.0,,,,,,6649.595715648892,604.0,,,0.0,,gamble,1,,,,44.0,A2T11H7YI7QPGD:3K2755HG5S3CZWVDCESWCV0V6PUDF3,
386,,6.0,,,,,,0.0,0.0,,,209.0,,success,6,,,,45.0,A2T11H7YI7QPGD:3K2755HG5S3CZWVDCESWCV0V6PUDF3,
387,,34.0,,,,,,4052.393007213203,627.0,,,0.0,,gamble,4,,,,46.0,A2T11H7YI7QPGD:3K2755HG5S3CZWVDCESWCV0V6PUDF3,
388,,3.0,,,,,,6750.0,666.0,,,0.0,,gamble,3,,,,47.0,A2T11H7YI7QPGD:3K2755HG5S3CZWVDCESWCV0V6PUDF3,
389,,32.0,,,,,,4234.622347010124,853.0,,,0.0,,gamble,2,,,,48.0,A2T11H7YI7QPGD:3K2755HG5S3CZWVDCESWCV0V6PUDF3,
390,,6.0,,,,,,4283.613337138065,780.0,,,0.0,,gamble,6,,,,49.0,A2T11H7YI7QPGD:3K2755HG5S3CZWVDCESWCV0V6PUDF3,
391,,2.0,,,,,,1784.9452138521772,0.0,,,109.0,,success,2,,,,50.0,A2T11H7YI7QPGD:3K2755HG5S3CZWVDCESWCV0V6PUDF3,
392,,23.0,,,,,,4288.540777308289,0.0,,,0.0,,earlyFail,3,,,,51.0,A2T11H7YI7QPGD:3K2755HG5S3CZWVDCESWCV0V6PUDF3,
393,,33.0,,,,,,4123.016884332595,441.0,,,0.0,,gamble,3,,,,52.0,A2T11H7YI7QPGD:3K2755HG5S3CZWVDCESWCV0V6PUDF3,
394,,21.0,,,,,,4184.5392738679175,936.0,,,0.0,,gamble,1,,,,53.0,A2T11H7YI7QPGD:3K2755HG5S3CZWVDCESWCV0V6PUDF3,
395,,5.0,,,,,,0.0,0.0,,,125.0,,success,5,,,,54.0,A2T11H7YI7QPGD:3K2755HG5S3CZWVDCESWCV0V6PUDF3,
396,,35.0,,,,,,6656.601104207532,640.0,,,0.0,,gamble,5,,,,55.0,A2T11H7YI7QPGD:3K2755HG5S3CZWVDCESWCV0V6PUDF3,
397,,1.0,,,,,,4143.559312511031,0.0,,,147.0,,success,1,,,,56.0,A2T11H7YI7QPGD:3K2755HG5S3CZWVDCESWCV0V6PUDF3,
398,,2.0,,,,,,6750.0,807.0,,,0.0,,gamble,2,,,,57.0,A2T11H7YI7QPGD:3K2755HG5S3CZWVDCESWCV0V6PUDF3,
399,,23.0,,,,,,6584.596771777895,610.0,,,0.0,,gamble,3,,,,58.0,A2T11H7YI7QPGD:3K2755HG5S3CZWVDCESWCV0V6PUDF3,
400,,3.0,,,,,,4237.503643490366,587.0,,,0.0,,gamble,3,,,,59.0,A2T11H7YI7QPGD:3K2755HG5S3CZWVDCESWCV0V6PUDF3,
401,,3.0,,,,,,0.0,0.0,,,0.0,,earlyFail,3,,,,60.0,A2T11H7YI7QPGD:3K2755HG5S3CZWVDCESWCV0V6PUDF3,
402,,1.0,,,,,,0.0,0.0,,,169.0,,success,1,,,,61.0,A2T11H7YI7QPGD:3K2755HG5S3CZWVDCESWCV0V6PUDF3,
403,,33.0,,,,,,6750.0,674.0,,,0.0,,gamble,3,,,,62.0,A2T11H7YI7QPGD:3K2755HG5S3CZWVDCESWCV0V6PUDF3,
404,,3.0,,,,,,6624.023305516838,687.0,,,0.0,,gamble,3,,,,63.0,A2T11H7YI7QPGD:3K2755HG5S3CZWVDCESWCV0V6PUDF3,
405,,86.0,,,,,,1974.2528917569216,927.0,,,0.0,,gamble,6,,,,64.0,A2T11H7YI7QPGD:3K2755HG5S3CZWVDCESWCV0V6PUDF3,
406,,24.0,,,,,,4298.979638536711,0.0,,,105.0,,success,4,,,,65.0,A2T11H7YI7QPGD:3K2755HG5S3CZWVDCESWCV0V6PUDF3,
407,,5.0,,,,,,6750.0,849.0,,,0.0,,gamble,5,,,,66.0,A2T11H7YI7QPGD:3K2755HG5S3CZWVDCESWCV0V6PUDF3,
408,,1.0,,,,,,1819.6488462087473,769.0,,,0.0,,gamble,1,,,,67.0,A2T11H7YI7QPGD:3K2755HG5S3CZWVDCESWCV0V6PUDF3,
409,,22.0,,,,,,1678.6182777691715,782.0,,,0.0,,gamble,2,,,,68.0,A2T11H7YI7QPGD:3K2755HG5S3CZWVDCESWCV0V6PUDF3,
410,,36.0,,,,,,6750.0,679.0,,,0.0,,gamble,6,,,,69.0,A2T11H7YI7QPGD:3K2755HG5S3CZWVDCESWCV0V6PUDF3,
411,,25.0,,,,,,6750.0,646.0,,,0.0,,gamble,5,,,,70.0,A2T11H7YI7QPGD:3K2755HG5S3CZWVDCESWCV0V6PUDF3,
412,,5.0,,,,,,4213.01837115097,0.0,,,0.0,,earlyFail,5,,,,71.0,A2T11H7YI7QPGD:3K2755HG5S3CZWVDCESWCV0V6PUDF3,
413,,2.0,,,,,,1664.0039613683061,0.0,,,0.0,,earlyFail,2,,,,72.0,A2T11H7YI7QPGD:3K2755HG5S3CZWVDCESWCV0V6PUDF3,
414,,1.0,,,,,,0.0,0.0,,,89.0,,success,1,,,,73.0,A2T11H7YI7QPGD:3K2755HG5S3CZWVDCESWCV0V6PUDF3,
415,,1.0,,,,,,6703.29120361632,702.0,,,0.0,,gamble,1,,,,74.0,A2T11H7YI7QPGD:3K2755HG5S3CZWVDCESWCV0V6PUDF3,
416,,35.0,,,,,,1631.5478430144956,655.0,,,0.0,,gamble,5,,,,75.0,A2T11H7YI7QPGD:3K2755HG5S3CZWVDCESWCV0V6PUDF3,
417,,4.0,,,,,,6750.0,674.0,,,0.0,,gamble,4,,,,76.0,A2T11H7YI7QPGD:3K2755HG5S3CZWVDCESWCV0V6PUDF3,
418,,22.0,,,,,,6750.0,631.0,,,0.0,,gamble,2,,,,77.0,A2T11H7YI7QPGD:3K2755HG5S3CZWVDCESWCV0V6PUDF3,
419,,3.0,,,,,,0.0,0.0,,,193.0,,success,3,,,,78.0,A2T11H7YI7QPGD:3K2755HG5S3CZWVDCESWCV0V6PUDF3,
420,,4.0,,,,,,1770.5968490301145,575.0,,,0.0,,gamble,4,,,,79.0,A2T11H7YI7QPGD:3K2755HG5S3CZWVDCESWCV0V6PUDF3,
421,,23.0,,,,,,1674.2822822842224,819.0,,,0.0,,gamble,3,,,,80.0,A2T11H7YI7QPGD:3K2755HG5S3CZWVDCESWCV0V6PUDF3,
422,,4.0,,,,,,6728.230022932781,524.0,,,0.0,,gamble,4,,,,81.0,A2T11H7YI7QPGD:3K2755HG5S3CZWVDCESWCV0V6PUDF3,
423,,3.0,,,,,,1756.2111333408031,0.0,,,0.0,,earlyFail,3,,,,82.0,A2T11H7YI7QPGD:3K2755HG5S3CZWVDCESWCV0V6PUDF3,
424,,26.0,,,,,,6661.763800261943,616.0,,,0.0,,gamble,6,,,,83.0,A2T11H7YI7QPGD:3K2755HG5S3CZWVDCESWCV0V6PUDF3,
425,,32.0,,,,,,6702.4236005549255,693.0,,,0.0,,gamble,2,,,,84.0,A2T11H7YI7QPGD:3K2755HG5S3CZWVDCESWCV0V6PUDF3,
426,,4.0,,,,,,4181.876171215899,593.0,,,0.0,,gamble,4,,,,85.0,A2T11H7YI7QPGD:3K2755HG5S3CZWVDCESWCV0V6PUDF3,
427,,26.0,,,,,,1651.1676617062265,0.0,,,0.0,,earlyFail,6,,,,86.0,A2T11H7YI7QPGD:3K2755HG5S3CZWVDCESWCV0V6PUDF3,
428,,25.0,,,,,,4262.687182145246,647.0,,,0.0,,gamble,5,,,,87.0,A2T11H7YI7QPGD:3K2755HG5S3CZWVDCESWCV0V6PUDF3,
429,,24.0,,,,,,6636.475196499656,519.0,,,0.0,,gamble,4,,,,88.0,A2T11H7YI7QPGD:3K2755HG5S3CZWVDCESWCV0V6PUDF3,
430,,22.0,,,,,,4283.861595336378,594.0,,,0.0,,gamble,2,,,,89.0,A2T11H7YI7QPGD:3K2755HG5S3CZWVDCESWCV0V6PUDF3,
431,,35.0,,,,,,4177.528126304991,618.0,,,0.0,,gamble,5,,,,90.0,A2T11H7YI7QPGD:3K2755HG5S3CZWVDCESWCV0V6PUDF3,
432,,5.0,,,,,,0.0,0.0,,,104.0,,success,5,,,,91.0,A2T11H7YI7QPGD:3K2755HG5S3CZWVDCESWCV0V6PUDF3,
433,,2.0,,,,,,4011.5592006871357,0.0,,,0.0,,earlyFail,2,,,,92.0,A2T11H7YI7QPGD:3K2755HG5S3CZWVDCESWCV0V6PUDF3,
434,,6.0,,,,,1793952.0,0.0,0.0,,,185.0,,success,6,,,,93.0,A2T11H7YI7QPGD:3K2755HG5S3CZWVDCESWCV0V6PUDF3,
435,,,,,,,,,,,,,postquestionnaire,,,begin,,,,A2T11H7YI7QPGD:3K2755HG5S3CZWVDCESWCV0V6PUDF3,
436,2.0,,,,,,,,,,,,postquestionnaire,,,submit,,,,A2T11H7YI7QPGD:3K2755HG5S3CZWVDCESWCV0V6PUDF3,
437,,,,,,A2T11H7YI7QPGD:3K2755HG5S3CZWVDCESWCV0V6PUDF3,,,,,,,,,,,,,,,
438,,,,,A2T11H7YI7QPGD:3K2755HG5S3CZWVDCESWCV0V6PUDF3,,,,,,,,,,,,,,,,
439,,,,,,,,,,,A2T11H7YI7QPGD:3K2755HG5S3CZWVDCESWCV0V6PUDF3,,,,,,,,,,
440,,,,A2T11H7YI7QPGD:3K2755HG5S3CZWVDCESWCV0V6PUDF3,,,,,,,,,,,,,,,,,
441,,,Begin,,,,,,,,,,INSTRUCTIONS,,,,,"[u'instructions/instruct-1.html', u'instructions/instruct-2.html', u'instructions/instruct-3.html', u'instructions/instruct-ready.html']",,A2OJMQGSQBEKEQ:39N5ACM9HENCNJ7QE1JZ2TV9HC9P9C,
442,,,NextPage,,,,,,,0.0,,,INSTRUCTIONS,,,,instructions/instruct-1.html,,,A2OJMQGSQBEKEQ:39N5ACM9HENCNJ7QE1JZ2TV9HC9P9C,3571.0
443,,,NextPage,,,,,,,1.0,,,INSTRUCTIONS,,,,instructions/instruct-2.html,,,A2OJMQGSQBEKEQ:39N5ACM9HENCNJ7QE1JZ2TV9HC9P9C,24609.0
444,,,NextPage,,,,,,,2.0,,,INSTRUCTIONS,,,,instructions/instruct-3.html,,,A2OJMQGSQBEKEQ:39N5ACM9HENCNJ7QE1JZ2TV9HC9P9C,3405.0
445,,,FinishInstructions,,,,,,,3.0,,,INSTRUCTIONS,,,,instructions/instruct-ready.html,,,A2OJMQGSQBEKEQ:39N5ACM9HENCNJ7QE1JZ2TV9HC9P9C,23090.0
446,,4.0,,,,,,0.0,0.0,,,126.0,,success,4,,,,1.0,A2OJMQGSQBEKEQ:39N5ACM9HENCNJ7QE1JZ2TV9HC9P9C,
447,,4.0,,,,,,0.0,0.0,,,126.0,,success,4,,,,2.0,A2OJMQGSQBEKEQ:39N5ACM9HENCNJ7QE1JZ2TV9HC9P9C,
448,,4.0,,,,,,4347.931577397788,898.0,,,0.0,,gamble,4,,,,3.0,A2OJMQGSQBEKEQ:39N5ACM9HENCNJ7QE1JZ2TV9HC9P9C,
449,,4.0,,,,,,6670.771917222028,0.0,,,103.0,,success,4,,,,4.0,A2OJMQGSQBEKEQ:39N5ACM9HENCNJ7QE1JZ2TV9HC9P9C,
450,,1.0,,,,,,6750.0,0.0,,,174.0,,success,1,,,,5.0,A2OJMQGSQBEKEQ:39N5ACM9HENCNJ7QE1JZ2TV9HC9P9C,
451,,75.0,,,,,,1900.1725754423155,682.0,,,0.0,,gamble,5,,,,6.0,A2OJMQGSQBEKEQ:39N5ACM9HENCNJ7QE1JZ2TV9HC9P9C,
452,,23.0,,,,,,4336.76542594012,0.0,,,228.0,,success,3,,,,7.0,A2OJMQGSQBEKEQ:39N5ACM9HENCNJ7QE1JZ2TV9HC9P9C,
453,,2.0,,,,,,6745.441117204423,0.0,,,218.0,,success,2,,,,8.0,A2OJMQGSQBEKEQ:39N5ACM9HENCNJ7QE1JZ2TV9HC9P9C,
454,,5.0,,,,,,1777.1131895012982,0.0,,,239.0,,success,5,,,,9.0,A2OJMQGSQBEKEQ:39N5ACM9HENCNJ7QE1JZ2TV9HC9P9C,
455,,33.0,,,,,,1689.2475001910402,701.0,,,0.0,,gamble,3,,,,10.0,A2OJMQGSQBEKEQ:39N5ACM9HENCNJ7QE1JZ2TV9HC9P9C,
456,,2.0,,,,,,4346.609968805797,0.0,,,272.0,,success,2,,,,11.0,A2OJMQGSQBEKEQ:39N5ACM9HENCNJ7QE1JZ2TV9HC9P9C,
457,,25.0,,,,,,4473.030084791574,0.0,,,298.0,,success,5,,,,12.0,A2OJMQGSQBEKEQ:39N5ACM9HENCNJ7QE1JZ2TV9HC9P9C,
458,,5.0,,,,,,0.0,0.0,,,299.0,,success,5,,,,13.0,A2OJMQGSQBEKEQ:39N5ACM9HENCNJ7QE1JZ2TV9HC9P9C,
459,,1.0,,,,,,0.0,0.0,,,309.0,,success,1,,,,14.0,A2OJMQGSQBEKEQ:39N5ACM9HENCNJ7QE1JZ2TV9HC9P9C,
460,,2.0,,,,,,0.0,0.0,,,315.0,,success,2,,,,15.0,A2OJMQGSQBEKEQ:39N5ACM9HENCNJ7QE1JZ2TV9HC9P9C,
461,,5.0,,,,,,4267.765446092976,603.0,,,0.0,,gamble,5,,,,16.0,A2OJMQGSQBEKEQ:39N5ACM9HENCNJ7QE1JZ2TV9HC9P9C,
462,,2.0,,,,,,6750.0,0.0,,,221.0,,success,2,,,,17.0,A2OJMQGSQBEKEQ:39N5ACM9HENCNJ7QE1JZ2TV9HC9P9C,
463,,35.0,,,,,,6750.0,817.0,,,0.0,,gamble,5,,,,18.0,A2OJMQGSQBEKEQ:39N5ACM9HENCNJ7QE1JZ2TV9HC9P9C,
464,,24.0,,,,,,1764.0771174829322,0.0,,,349.0,,success,4,,,,19.0,A2OJMQGSQBEKEQ:39N5ACM9HENCNJ7QE1JZ2TV9HC9P9C,
465,,1.0,,,,,,4250.290042932237,0.0,,,295.0,,success,1,,,,20.0,A2OJMQGSQBEKEQ:39N5ACM9HENCNJ7QE1JZ2TV9HC9P9C,
466,,33.0,,,,,,4102.749444037913,687.0,,,0.0,,gamble,3,,,,21.0,A2OJMQGSQBEKEQ:39N5ACM9HENCNJ7QE1JZ2TV9HC9P9C,
467,,5.0,,,,,,0.0,0.0,,,172.0,,success,5,,,,22.0,A2OJMQGSQBEKEQ:39N5ACM9HENCNJ7QE1JZ2TV9HC9P9C,
468,,24.0,,,,,,6750.0,0.0,,,254.0,,success,4,,,,23.0,A2OJMQGSQBEKEQ:39N5ACM9HENCNJ7QE1JZ2TV9HC9P9C,
469,,2.0,,,,,,0.0,0.0,,,347.0,,success,2,,,,24.0,A2OJMQGSQBEKEQ:39N5ACM9HENCNJ7QE1JZ2TV9HC9P9C,
470,,1.0,,,,,,1932.4211462678336,0.0,,,337.0,,success,1,,,,25.0,A2OJMQGSQBEKEQ:39N5ACM9HENCNJ7QE1JZ2TV9HC9P9C,
471,,3.0,,,,,,0.0,0.0,,,334.0,,success,3,,,,26.0,A2OJMQGSQBEKEQ:39N5ACM9HENCNJ7QE1JZ2TV9HC9P9C,
472,,6.0,,,,,,4240.425942875726,843.0,,,0.0,,gamble,6,,,,27.0,A2OJMQGSQBEKEQ:39N5ACM9HENCNJ7QE1JZ2TV9HC9P9C,
473,,4.0,,,,,,4254.367058143882,814.0,,,0.0,,gamble,4,,,,28.0,A2OJMQGSQBEKEQ:39N5ACM9HENCNJ7QE1JZ2TV9HC9P9C,
474,,2.0,,,,,,1571.073176779198,628.0,,,0.0,,gamble,2,,,,29.0,A2OJMQGSQBEKEQ:39N5ACM9HENCNJ7QE1JZ2TV9HC9P9C,
475,,22.0,,,,,,6750.0,0.0,,,299.0,,success,2,,,,30.0,A2OJMQGSQBEKEQ:39N5ACM9HENCNJ7QE1JZ2TV9HC9P9C,
476,,2.0,,,,,,4204.45046115793,0.0,,,320.0,,success,2,,,,31.0,A2OJMQGSQBEKEQ:39N5ACM9HENCNJ7QE1JZ2TV9HC9P9C,
477,,26.0,,,,,,1821.1198172266882,0.0,,,0.0,,earlyFail,6,,,,32.0,A2OJMQGSQBEKEQ:39N5ACM9HENCNJ7QE1JZ2TV9HC9P9C,
478,,1.0,,,,,,0.0,0.0,,,374.0,,success,1,,,,33.0,A2OJMQGSQBEKEQ:39N5ACM9HENCNJ7QE1JZ2TV9HC9P9C,
479,,3.0,,,,,,4106.330044468129,0.0,,,359.0,,success,3,,,,34.0,A2OJMQGSQBEKEQ:39N5ACM9HENCNJ7QE1JZ2TV9HC9P9C,
480,,26.0,,,,,,6616.738453742758,0.0,,,340.0,,success,6,,,,35.0,A2OJMQGSQBEKEQ:39N5ACM9HENCNJ7QE1JZ2TV9HC9P9C,
481,,6.0,,,,,,6750.0,0.0,,,325.0,,success,6,,,,36.0,A2OJMQGSQBEKEQ:39N5ACM9HENCNJ7QE1JZ2TV9HC9P9C,
482,,2.0,,,,,,3941.045935168539,0.0,,,390.0,,success,2,,,,37.0,A2OJMQGSQBEKEQ:39N5ACM9HENCNJ7QE1JZ2TV9HC9P9C,
483,,5.0,,,,,,1792.3580791151767,0.0,,,0.0,,earlyFail,5,,,,38.0,A2OJMQGSQBEKEQ:39N5ACM9HENCNJ7QE1JZ2TV9HC9P9C,
484,,32.0,,,,,,4204.882622765188,774.0,,,0.0,,gamble,2,,,,39.0,A2OJMQGSQBEKEQ:39N5ACM9HENCNJ7QE1JZ2TV9HC9P9C,
485,,4.0,,,,,,0.0,0.0,,,357.0,,success,4,,,,40.0,A2OJMQGSQBEKEQ:39N5ACM9HENCNJ7QE1JZ2TV9HC9P9C,
486,,3.0,,,,,,1638.4475466393137,648.0,,,0.0,,gamble,3,,,,41.0,A2OJMQGSQBEKEQ:39N5ACM9HENCNJ7QE1JZ2TV9HC9P9C,
487,,21.0,,,,,,1603.3676399827136,0.0,,,376.0,,success,1,,,,42.0,A2OJMQGSQBEKEQ:39N5ACM9HENCNJ7QE1JZ2TV9HC9P9C,
488,,5.0,,,,,,6750.0,0.0,,,359.0,,success,5,,,,43.0,A2OJMQGSQBEKEQ:39N5ACM9HENCNJ7QE1JZ2TV9HC9P9C,
489,,22.0,,,,,,4302.411734852289,0.0,,,394.0,,success,2,,,,44.0,A2OJMQGSQBEKEQ:39N5ACM9HENCNJ7QE1JZ2TV9HC9P9C,
490,,34.0,,,,,,4249.5816596282275,773.0,,,0.0,,gamble,4,,,,45.0,A2OJMQGSQBEKEQ:39N5ACM9HENCNJ7QE1JZ2TV9HC9P9C,
491,,21.0,,,,,,4194.781622419737,0.0,,,299.0,,success,1,,,,46.0,A2OJMQGSQBEKEQ:39N5ACM9HENCNJ7QE1JZ2TV9HC9P9C,
492,,33.0,,,,,,6750.0,688.0,,,0.0,,gamble,3,,,,47.0,A2OJMQGSQBEKEQ:39N5ACM9HENCNJ7QE1JZ2TV9HC9P9C,
493,,36.0,,,,,,4339.251121674371,666.0,,,0.0,,gamble,6,,,,48.0,A2OJMQGSQBEKEQ:39N5ACM9HENCNJ7QE1JZ2TV9HC9P9C,
494,,36.0,,,,,,1799.0015143581684,708.0,,,0.0,,gamble,6,,,,49.0,A2OJMQGSQBEKEQ:39N5ACM9HENCNJ7QE1JZ2TV9HC9P9C,
495,,32.0,,,,,,1800.009497299264,0.0,,,388.0,,success,2,,,,50.0,A2OJMQGSQBEKEQ:39N5ACM9HENCNJ7QE1JZ2TV9HC9P9C,
496,,6.0,,,,,,6750.0,615.0,,,0.0,,gamble,6,,,,51.0,A2OJMQGSQBEKEQ:39N5ACM9HENCNJ7QE1JZ2TV9HC9P9C,
497,,31.0,,,,,,1800.0332398947348,571.0,,,0.0,,gamble,1,,,,52.0,A2OJMQGSQBEKEQ:39N5ACM9HENCNJ7QE1JZ2TV9HC9P9C,
498,,3.0,,,,,,0.0,0.0,,,341.0,,success,3,,,,53.0,A2OJMQGSQBEKEQ:39N5ACM9HENCNJ7QE1JZ2TV9HC9P9C,
499,,1.0,,,,,,1800.2489329880314,755.0,,,0.0,,gamble,1,,,,54.0,A2OJMQGSQBEKEQ:39N5ACM9HENCNJ7QE1JZ2TV9HC9P9C,
500,,23.0,,,,,,1838.857102118456,0.0,,,0.0,,earlyFail,3,,,,55.0,A2OJMQGSQBEKEQ:39N5ACM9HENCNJ7QE1JZ2TV9HC9P9C,
501,,34.0,,,,,,6750.0,600.0,,,0.0,,gamble,4,,,,56.0,A2OJMQGSQBEKEQ:39N5ACM9HENCNJ7QE1JZ2TV9HC9P9C,
502,,3.0,,,,,,1843.9856955286286,844.0,,,0.0,,gamble,3,,,,57.0,A2OJMQGSQBEKEQ:39N5ACM9HENCNJ7QE1JZ2TV9HC9P9C,
503,,34.0,,,,,,1756.49598534546,761.0,,,0.0,,gamble,4,,,,58.0,A2OJMQGSQBEKEQ:39N5ACM9HENCNJ7QE1JZ2TV9HC9P9C,
504,,6.0,,,,,,0.0,0.0,,,278.0,,success,6,,,,59.0,A2OJMQGSQBEKEQ:39N5ACM9HENCNJ7QE1JZ2TV9HC9P9C,
505,,2.0,,,,,,0.0,0.0,,,387.0,,success,2,,,,60.0,A2OJMQGSQBEKEQ:39N5ACM9HENCNJ7QE1JZ2TV9HC9P9C,
506,,6.0,,,,,,0.0,0.0,,,406.0,,success,6,,,,61.0,A2OJMQGSQBEKEQ:39N5ACM9HENCNJ7QE1JZ2TV9HC9P9C,
507,,1.0,,,,,,6750.0,0.0,,,332.0,,success,1,,,,62.0,A2OJMQGSQBEKEQ:39N5ACM9HENCNJ7QE1JZ2TV9HC9P9C,
508,,31.0,,,,,,6632.034851396014,606.0,,,0.0,,gamble,1,,,,63.0,A2OJMQGSQBEKEQ:39N5ACM9HENCNJ7QE1JZ2TV9HC9P9C,
509,,6.0,,,,,,4380.017465430783,664.0,,,0.0,,gamble,6,,,,64.0,A2OJMQGSQBEKEQ:39N5ACM9HENCNJ7QE1JZ2TV9HC9P9C,
510,,3.0,,,,,,0.0,0.0,,,372.0,,success,3,,,,65.0,A2OJMQGSQBEKEQ:39N5ACM9HENCNJ7QE1JZ2TV9HC9P9C,
511,,22.0,,,,,,1695.9142773976635,645.0,,,0.0,,gamble,2,,,,66.0,A2OJMQGSQBEKEQ:39N5ACM9HENCNJ7QE1JZ2TV9HC9P9C,
512,,,Begin,,,,,,,,,,INSTRUCTIONS,,,,,"[u'instructions/instruct-1.html', u'instructions/instruct-2.html', u'instructions/instruct-3.html', u'instructions/instruct-ready.html']",,A64JDJKE9DYCT:39N5ACM9HENCNJ7QE1JZ2TV9HC9P9C,
513,,,NextPage,,,,,,,0.0,,,INSTRUCTIONS,,,,instructions/instruct-1.html,,,A64JDJKE9DYCT:39N5ACM9HENCNJ7QE1JZ2TV9HC9P9C,15010.0
514,,,NextPage,,,,,,,1.0,,,INSTRUCTIONS,,,,instructions/instruct-2.html,,,A64JDJKE9DYCT:39N5ACM9HENCNJ7QE1JZ2TV9HC9P9C,55513.0
515,,,NextPage,,,,,,,2.0,,,INSTRUCTIONS,,,,instructions/instruct-3.html,,,A64JDJKE9DYCT:39N5ACM9HENCNJ7QE1JZ2TV9HC9P9C,153252.0
516,,,PrevPage,,,,,,,3.0,,,INSTRUCTIONS,,,,instructions/instruct-ready.html,,,A64JDJKE9DYCT:39N5ACM9HENCNJ7QE1JZ2TV9HC9P9C,37763.0
517,,,PrevPage,,,,,,,2.0,,,INSTRUCTIONS,,,,instructions/instruct-3.html,,,A64JDJKE9DYCT:39N5ACM9HENCNJ7QE1JZ2TV9HC9P9C,2916.0
518,,,NextPage,,,,,,,1.0,,,INSTRUCTIONS,,,,instructions/instruct-2.html,,,A64JDJKE9DYCT:39N5ACM9HENCNJ7QE1JZ2TV9HC9P9C,6919.0
519,,,NextPage,,,,,,,2.0,,,INSTRUCTIONS,,,,instructions/instruct-3.html,,,A64JDJKE9DYCT:39N5ACM9HENCNJ7QE1JZ2TV9HC9P9C,1586.0
520,,,PrevPage,,,,,,,3.0,,,INSTRUCTIONS,,,,instructions/instruct-ready.html,,,A64JDJKE9DYCT:39N5ACM9HENCNJ7QE1JZ2TV9HC9P9C,33692.0
521,,,NextPage,,,,,,,2.0,,,INSTRUCTIONS,,,,instructions/instruct-3.html,,,A64JDJKE9DYCT:39N5ACM9HENCNJ7QE1JZ2TV9HC9P9C,12166.0
522,,,FinishInstructions,,,,,,,3.0,,,INSTRUCTIONS,,,,instructions/instruct-ready.html,,,A64JDJKE9DYCT:39N5ACM9HENCNJ7QE1JZ2TV9HC9P9C,25511.0
523,,2.0,,,,,,4017.7642457891993,0.0,,,260.0,,success,2,,,,1.0,A64JDJKE9DYCT:39N5ACM9HENCNJ7QE1JZ2TV9HC9P9C,
524,,32.0,,,,,,6750.0,805.0,,,0.0,,gamble,2,,,,2.0,A64JDJKE9DYCT:39N5ACM9HENCNJ7QE1JZ2TV9HC9P9C,
525,,36.0,,,,,,6750.0,0.0,,,39.0,,success,6,,,,3.0,A64JDJKE9DYCT:39N5ACM9HENCNJ7QE1JZ2TV9HC9P9C,
526,,6.0,,,,,,0.0,0.0,,,306.0,,success,6,,,,4.0,A64JDJKE9DYCT:39N5ACM9HENCNJ7QE1JZ2TV9HC9P9C,
527,,31.0,,,,,,6705.702433594612,826.0,,,0.0,,gamble,1,,,,5.0,A64JDJKE9DYCT:39N5ACM9HENCNJ7QE1JZ2TV9HC9P9C,
528,,25.0,,,,,,4383.059346290461,0.0,,,0.0,,earlyFail,5,,,,6.0,A64JDJKE9DYCT:39N5ACM9HENCNJ7QE1JZ2TV9HC9P9C,
529,,2.0,,,,,,0.0,0.0,,,299.0,,success,2,,,,7.0,A64JDJKE9DYCT:39N5ACM9HENCNJ7QE1JZ2TV9HC9P9C,
530,,3.0,,,,,,1732.754675965718,0.0,,,446.0,,success,3,,,,8.0,A64JDJKE9DYCT:39N5ACM9HENCNJ7QE1JZ2TV9HC9P9C,
531,,2.0,,,,,,4294.093229079911,653.0,,,0.0,,gamble,2,,,,9.0,A64JDJKE9DYCT:39N5ACM9HENCNJ7QE1JZ2TV9HC9P9C,
532,,2.0,,,,,,1614.4601223864615,485.0,,,0.0,,gamble,2,,,,10.0,A64JDJKE9DYCT:39N5ACM9HENCNJ7QE1JZ2TV9HC9P9C,
533,,2.0,,,,,,1736.5210706241803,433.0,,,0.0,,gamble,2,,,,11.0,A64JDJKE9DYCT:39N5ACM9HENCNJ7QE1JZ2TV9HC9P9C,
534,,24.0,,,,,,4326.7943121202825,0.0,,,306.0,,success,4,,,,12.0,A64JDJKE9DYCT:39N5ACM9HENCNJ7QE1JZ2TV9HC9P9C,
535,,31.0,,,,,,4333.361701673372,658.0,,,0.0,,gamble,1,,,,13.0,A64JDJKE9DYCT:39N5ACM9HENCNJ7QE1JZ2TV9HC9P9C,
536,,75.0,,,,,,1995.0040866410677,669.0,,,0.0,,gamble,5,,,,14.0,A64JDJKE9DYCT:39N5ACM9HENCNJ7QE1JZ2TV9HC9P9C,
537,,3.0,,,,,,0.0,0.0,,,377.0,,success,3,,,,15.0,A64JDJKE9DYCT:39N5ACM9HENCNJ7QE1JZ2TV9HC9P9C,
538,,4.0,,,,,,6750.0,0.0,,,298.0,,success,4,,,,16.0,A64JDJKE9DYCT:39N5ACM9HENCNJ7QE1JZ2TV9HC9P9C,
539,,6.0,,,,,,4088.539315136849,0.0,,,289.0,,success,6,,,,17.0,A64JDJKE9DYCT:39N5ACM9HENCNJ7QE1JZ2TV9HC9P9C,
540,,3.0,,,,,,0.0,0.0,,,328.0,,success,3,,,,18.0,A64JDJKE9DYCT:39N5ACM9HENCNJ7QE1JZ2TV9HC9P9C,
541,,32.0,,,,,,1800.3096882877878,790.0,,,0.0,,gamble,2,,,,19.0,A64JDJKE9DYCT:39N5ACM9HENCNJ7QE1JZ2TV9HC9P9C,
542,,2.0,,,,,,6750.0,911.0,,,0.0,,gamble,2,,,,20.0,A64JDJKE9DYCT:39N5ACM9HENCNJ7QE1JZ2TV9HC9P9C,
543,,23.0,,,,,,4244.777657264306,0.0,,,382.0,,success,3,,,,21.0,A64JDJKE9DYCT:39N5ACM9HENCNJ7QE1JZ2TV9HC9P9C,
544,,5.0,,,,,,6750.0,0.0,,,338.0,,success,5,,,,22.0,A64JDJKE9DYCT:39N5ACM9HENCNJ7QE1JZ2TV9HC9P9C,
545,,1.0,,,,,,0.0,0.0,,,366.0,,success,1,,,,23.0,A64JDJKE9DYCT:39N5ACM9HENCNJ7QE1JZ2TV9HC9P9C,
546,,36.0,,,,,,4385.735276712764,0.0,,,353.0,,success,6,,,,24.0,A64JDJKE9DYCT:39N5ACM9HENCNJ7QE1JZ2TV9HC9P9C,
547,,1.0,,,,,,6750.0,832.0,,,0.0,,gamble,1,,,,25.0,A64JDJKE9DYCT:39N5ACM9HENCNJ7QE1JZ2TV9HC9P9C,
548,,4.0,,,,,,0.0,0.0,,,306.0,,success,4,,,,26.0,A64JDJKE9DYCT:39N5ACM9HENCNJ7QE1JZ2TV9HC9P9C,
549,,3.0,,,,,,4196.549640169341,485.0,,,0.0,,gamble,3,,,,27.0,A64JDJKE9DYCT:39N5ACM9HENCNJ7QE1JZ2TV9HC9P9C,
550,,1.0,,,,,,0.0,0.0,,,367.0,,success,1,,,,28.0,A64JDJKE9DYCT:39N5ACM9HENCNJ7QE1JZ2TV9HC9P9C,
551,,5.0,,,,,,1618.6436180768976,0.0,,,324.0,,success,5,,,,29.0,A64JDJKE9DYCT:39N5ACM9HENCNJ7QE1JZ2TV9HC9P9C,
552,,5.0,,,,,,0.0,0.0,,,319.0,,success,5,,,,30.0,A64JDJKE9DYCT:39N5ACM9HENCNJ7QE1JZ2TV9HC9P9C,
553,,22.0,,,,,,4162.2592394667545,0.0,,,322.0,,success,2,,,,31.0,A64JDJKE9DYCT:39N5ACM9HENCNJ7QE1JZ2TV9HC9P9C,
554,,6.0,,,,,,6750.0,0.0,,,105.0,,success,6,,,,32.0,A64JDJKE9DYCT:39N5ACM9HENCNJ7QE1JZ2TV9HC9P9C,
555,,86.0,,,,,,1975.4650501643814,0.0,,,351.0,,success,6,,,,33.0,A64JDJKE9DYCT:39N5ACM9HENCNJ7QE1JZ2TV9HC9P9C,
556,,26.0,,,,,,1709.9993162347248,0.0,,,331.0,,success,6,,,,34.0,A64JDJKE9DYCT:39N5ACM9HENCNJ7QE1JZ2TV9HC9P9C,
557,,1.0,,,,,,0.0,0.0,,,396.0,,success,1,,,,35.0,A64JDJKE9DYCT:39N5ACM9HENCNJ7QE1JZ2TV9HC9P9C,
558,,5.0,,,,,,4261.77537636268,0.0,,,348.0,,success,5,,,,36.0,A64JDJKE9DYCT:39N5ACM9HENCNJ7QE1JZ2TV9HC9P9C,
559,,2.0,,,,,,0.0,0.0,,,394.0,,success,2,,,,37.0,A64JDJKE9DYCT:39N5ACM9HENCNJ7QE1JZ2TV9HC9P9C,
560,,5.0,,,,,,4199.955099818556,0.0,,,311.0,,success,5,,,,38.0,A64JDJKE9DYCT:39N5ACM9HENCNJ7QE1JZ2TV9HC9P9C,
561,,4.0,,,,,,1688.948498701099,0.0,,,375.0,,success,4,,,,39.0,A64JDJKE9DYCT:39N5ACM9HENCNJ7QE1JZ2TV9HC9P9C,
562,,33.0,,,,,,6741.694758263276,692.0,,,0.0,,gamble,3,,,,40.0,A64JDJKE9DYCT:39N5ACM9HENCNJ7QE1JZ2TV9HC9P9C,
563,,3.0,,,,,,4154.0906022833005,680.0,,,0.0,,gamble,3,,,,41.0,A64JDJKE9DYCT:39N5ACM9HENCNJ7QE1JZ2TV9HC9P9C,
564,,6.0,,,,,,1597.8820626561248,0.0,,,299.0,,success,6,,,,42.0,A64JDJKE9DYCT:39N5ACM9HENCNJ7QE1JZ2TV9HC9P9C,
565,,6.0,,,,,,0.0,0.0,,,346.0,,success,6,,,,43.0,A64JDJKE9DYCT:39N5ACM9HENCNJ7QE1JZ2TV9HC9P9C,
566,,26.0,,,,,,4184.87222592561,0.0,,,419.0,,success,6,,,,44.0,A64JDJKE9DYCT:39N5ACM9HENCNJ7QE1JZ2TV9HC9P9C,
567,,6.0,,,,,,1816.3499655683602,0.0,,,332.0,,success,6,,,,45.0,A64JDJKE9DYCT:39N5ACM9HENCNJ7QE1JZ2TV9HC9P9C,
568,,35.0,,,,,,6665.540195246887,767.0,,,0.0,,gamble,5,,,,46.0,A64JDJKE9DYCT:39N5ACM9HENCNJ7QE1JZ2TV9HC9P9C,
569,,5.0,,,,,,1825.6455181133292,0.0,,,398.0,,success,5,,,,47.0,A64JDJKE9DYCT:39N5ACM9HENCNJ7QE1JZ2TV9HC9P9C,
570,,3.0,,,,,,0.0,0.0,,,363.0,,success,3,,,,48.0,A64JDJKE9DYCT:39N5ACM9HENCNJ7QE1JZ2TV9HC9P9C,
571,,34.0,,,,,,1844.5298251479162,846.0,,,0.0,,gamble,4,,,,49.0,A64JDJKE9DYCT:39N5ACM9HENCNJ7QE1JZ2TV9HC9P9C,
572,,4.0,,,,,,1812.104398077112,0.0,,,370.0,,success,4,,,,50.0,A64JDJKE9DYCT:39N5ACM9HENCNJ7QE1JZ2TV9HC9P9C,
573,,1.0,,,,,,4290.941680843435,700.0,,,0.0,,gamble,1,,,,51.0,A64JDJKE9DYCT:39N5ACM9HENCNJ7QE1JZ2TV9HC9P9C,
574,,24.0,,,,,,6734.783844172267,0.0,,,392.0,,success,4,,,,52.0,A64JDJKE9DYCT:39N5ACM9HENCNJ7QE1JZ2TV9HC9P9C,
575,,4.0,,,,,,6750.0,0.0,,,426.0,,success,4,,,,53.0,A64JDJKE9DYCT:39N5ACM9HENCNJ7QE1JZ2TV9HC9P9C,
576,,3.0,,,,,,6750.0,461.0,,,0.0,,gamble,3,,,,54.0,A64JDJKE9DYCT:39N5ACM9HENCNJ7QE1JZ2TV9HC9P9C,
577,,2.0,,,,,,4329.219916142754,743.0,,,0.0,,gamble,2,,,,55.0,A64JDJKE9DYCT:39N5ACM9HENCNJ7QE1JZ2TV9HC9P9C,
578,,35.0,,,,,,4147.664993470603,740.0,,,0.0,,gamble,5,,,,56.0,A64JDJKE9DYCT:39N5ACM9HENCNJ7QE1JZ2TV9HC9P9C,
579,,23.0,,,,,,6750.0,0.0,,,371.0,,success,3,,,,57.0,A64JDJKE9DYCT:39N5ACM9HENCNJ7QE1JZ2TV9HC9P9C,
580,,36.0,,,,,,1836.5831452960642,604.0,,,0.0,,gamble,6,,,,58.0,A64JDJKE9DYCT:39N5ACM9HENCNJ7QE1JZ2TV9HC9P9C,
581,,6.0,,,,,,6601.879979026201,0.0,,,413.0,,success,6,,,,59.0,A64JDJKE9DYCT:39N5ACM9HENCNJ7QE1JZ2TV9HC9P9C,
582,,26.0,,,,,,6748.526445381503,0.0,,,403.0,,success,6,,,,60.0,A64JDJKE9DYCT:39N5ACM9HENCNJ7QE1JZ2TV9HC9P9C,
583,,21.0,,,,,,1733.7624465426961,0.0,,,452.0,,success,1,,,,61.0,A64JDJKE9DYCT:39N5ACM9HENCNJ7QE1JZ2TV9HC9P9C,
584,,5.0,,,,,,6750.0,0.0,,,420.0,,success,5,,,,62.0,A64JDJKE9DYCT:39N5ACM9HENCNJ7QE1JZ2TV9HC9P9C,
585,,33.0,,,,,,4223.320394586681,667.0,,,0.0,,gamble,3,,,,63.0,A64JDJKE9DYCT:39N5ACM9HENCNJ7QE1JZ2TV9HC9P9C,
586,,22.0,,,,,,6703.135693722553,0.0,,,358.0,,success,2,,,,64.0,A64JDJKE9DYCT:39N5ACM9HENCNJ7QE1JZ2TV9HC9P9C,
587,,21.0,,,,,,6750.0,0.0,,,364.0,,success,1,,,,65.0,A64JDJKE9DYCT:39N5ACM9HENCNJ7QE1JZ2TV9HC9P9C,
588,,35.0,,,,,,1764.2672999017593,839.0,,,0.0,,gamble,5,,,,66.0,A64JDJKE9DYCT:39N5ACM9HENCNJ7QE1JZ2TV9HC9P9C,
589,,1.0,,,,,,4227.032566950299,673.0,,,0.0,,gamble,1,,,,67.0,A64JDJKE9DYCT:39N5ACM9HENCNJ7QE1JZ2TV9HC9P9C,
590,,21.0,,,,,,4093.5470341302407,0.0,,,323.0,,success,1,,,,68.0,A64JDJKE9DYCT:39N5ACM9HENCNJ7QE1JZ2TV9HC9P9C,
591,,34.0,,,,,,4151.630835395376,639.0,,,0.0,,gamble,4,,,,69.0,A64JDJKE9DYCT:39N5ACM9HENCNJ7QE1JZ2TV9HC9P9C,
592,,32.0,,,,,,4229.412643281124,719.0,,,0.0,,gamble,2,,,,70.0,A64JDJKE9DYCT:39N5ACM9HENCNJ7QE1JZ2TV9HC9P9C,
593,,5.0,,,,,,0.0,0.0,,,378.0,,success,5,,,,71.0,A64JDJKE9DYCT:39N5ACM9HENCNJ7QE1JZ2TV9HC9P9C,
594,,34.0,,,,,,6664.607896736584,634.0,,,0.0,,gamble,4,,,,72.0,A64JDJKE9DYCT:39N5ACM9HENCNJ7QE1JZ2TV9HC9P9C,
595,,24.0,,,,,,1660.0056286923154,0.0,,,298.0,,success,4,,,,73.0,A64JDJKE9DYCT:39N5ACM9HENCNJ7QE1JZ2TV9HC9P9C,
596,,3.0,,,,,,1855.6591393705228,764.0,,,0.0,,gamble,3,,,,74.0,A64JDJKE9DYCT:39N5ACM9HENCNJ7QE1JZ2TV9HC9P9C,
597,,33.0,,,,,,1640.5023888379926,833.0,,,0.0,,gamble,3,,,,75.0,A64JDJKE9DYCT:39N5ACM9HENCNJ7QE1JZ2TV9HC9P9C,
598,,1.0,,,,,,6732.951101321516,748.0,,,0.0,,gamble,1,,,,76.0,A64JDJKE9DYCT:39N5ACM9HENCNJ7QE1JZ2TV9HC9P9C,
599,,22.0,,,,,,1793.3553043662498,0.0,,,392.0,,success,2,,,,77.0,A64JDJKE9DYCT:39N5ACM9HENCNJ7QE1JZ2TV9HC9P9C,
600,,25.0,,,,,,6740.260871065554,0.0,,,353.0,,success,5,,,,78.0,A64JDJKE9DYCT:39N5ACM9HENCNJ7QE1JZ2TV9HC9P9C,
601,,1.0,,,,,,1662.7207995870376,767.0,,,0.0,,gamble,1,,,,79.0,A64JDJKE9DYCT:39N5ACM9HENCNJ7QE1JZ2TV9HC9P9C,
602,,1.0,,,,,,1808.7616341209448,835.0,,,0.0,,gamble,1,,,,80.0,A64JDJKE9DYCT:39N5ACM9HENCNJ7QE1JZ2TV9HC9P9C,
603,,3.0,,,,,,6750.0,711.0,,,0.0,,gamble,3,,,,81.0,A64JDJKE9DYCT:39N5ACM9HENCNJ7QE1JZ2TV9HC9P9C,
604,,23.0,,,,,,1771.153129623486,0.0,,,351.0,,success,3,,,,82.0,A64JDJKE9DYCT:39N5ACM9HENCNJ7QE1JZ2TV9HC9P9C,
605,,4.0,,,,,,0.0,0.0,,,339.0,,success,4,,,,83.0,A64JDJKE9DYCT:39N5ACM9HENCNJ7QE1JZ2TV9HC9P9C,
606,,2.0,,,,,,0.0,0.0,,,394.0,,success,2,,,,84.0,A64JDJKE9DYCT:39N5ACM9HENCNJ7QE1JZ2TV9HC9P9C,
607,,4.0,,,,,,0.0,0.0,,,376.0,,success,4,,,,85.0,A64JDJKE9DYCT:39N5ACM9HENCNJ7QE1JZ2TV9HC9P9C,
608,,4.0,,,,,,4100.131479967566,0.0,,,431.0,,success,4,,,,86.0,A64JDJKE9DYCT:39N5ACM9HENCNJ7QE1JZ2TV9HC9P9C,
609,,4.0,,,,,,4165.496441819168,0.0,,,358.0,,success,4,,,,87.0,A64JDJKE9DYCT:39N5ACM9HENCNJ7QE1JZ2TV9HC9P9C,
610,,5.0,,,,,,0.0,0.0,,,494.0,,success,5,,,,88.0,A64JDJKE9DYCT:39N5ACM9HENCNJ7QE1JZ2TV9HC9P9C,
611,,6.0,,,,,,4275.5344238606085,0.0,,,345.0,,success,6,,,,89.0,A64JDJKE9DYCT:39N5ACM9HENCNJ7QE1JZ2TV9HC9P9C,
612,,25.0,,,,,,1644.8826630257506,0.0,,,354.0,,success,5,,,,90.0,A64JDJKE9DYCT:39N5ACM9HENCNJ7QE1JZ2TV9HC9P9C,
613,,6.0,,,,,,0.0,0.0,,,434.0,,success,6,,,,91.0,A64JDJKE9DYCT:39N5ACM9HENCNJ7QE1JZ2TV9HC9P9C,
614,,2.0,,,,,,6750.0,762.0,,,0.0,,gamble,2,,,,92.0,A64JDJKE9DYCT:39N5ACM9HENCNJ7QE1JZ2TV9HC9P9C,
615,,31.0,,,,,1404421.0,1848.3804118161393,776.0,,,0.0,,gamble,1,,,,93.0,A64JDJKE9DYCT:39N5ACM9HENCNJ7QE1JZ2TV9HC9P9C,
616,,,,,,,,,,,,,postquestionnaire,,,begin,,,,A64JDJKE9DYCT:39N5ACM9HENCNJ7QE1JZ2TV9HC9P9C,
617,2.0,,,,,,,,,,,,postquestionnaire,,,submit,,,,A64JDJKE9DYCT:39N5ACM9HENCNJ7QE1JZ2TV9HC9P9C,
618,,,,,,A64JDJKE9DYCT:39N5ACM9HENCNJ7QE1JZ2TV9HC9P9C,,,,,,,,,,,,,,,
619,,,,,A64JDJKE9DYCT:39N5ACM9HENCNJ7QE1JZ2TV9HC9P9C,,,,,,,,,,,,,,,,
620,,,,,,,,,,,A64JDJKE9DYCT:39N5ACM9HENCNJ7QE1JZ2TV9HC9P9C,,,,,,,,,,
621,,,,A64JDJKE9DYCT:39N5ACM9HENCNJ7QE1JZ2TV9HC9P9C,,,,,,,,,,,,,,,,,
